id,text,referenceAnswer,keyPoints,questionScope
1,"ปริมาณการใช้น้ำรวม 4 ประเภททั้งหมด - 7 วันข้างหน้า (ลบ.ม./วินาที) ของ""โครงการส่งน้ำและบำรุงรักษาสุโขทัย"" สัปดาห์ก่อนเป็นเท่าไร?","ตอบจาก dashboard วิเคราะห์ (simsat) ของ ""โครงการส่งน้ำและบำรุงรักษาสุโขทัย"" — สัปดาห์ก่อน (2026-05-04 ถึง 2026-05-10) — โดยรายงานปริมาณการใช้น้ำรวม 4 ประเภททั้งหมด - 7 วันข้างหน้า = <ตัวเลข> ลบ.ม./วินาที — อ้างอิง farmplot_batch_id 10fabd4d-633b-4448-bc25-4dc3aa4cdee8 — ยืนยันหน่วยให้ตรงกับคำถาม และสรุปสั้นกระชับ — (ต้องมีคำว่า: พยากรณ์)",มีชื่อโครงการ/ชื่อพื้นที่ (plot_name) ที่ถูกถามในคำตอบ|มีตัวเลขพร้อมหน่วย ลบ.ม./วินาที|ระบุว่าเป็นสัปดาห์ล่าสุดหรือสัปดาห์ก่อน และช่วงวันที่ที่อ้างอิง,specific
2,Top 3 โครงการ/พื้นที่ที่ปริมาณการใช้น้ำรวม 4 ประเภททั้งหมด - 14 วันข้างหน้าสูงสุด สัปดาห์ล่าสุด คืออะไร และมีค่าเท่าไร (ลบ.ม./วินาที)?,"ควรสรุปจาก dashboard วิเคราะห์ (simsat) สัปดาห์ล่าสุด (2026-05-11 ถึง 2026-05-17) โดยสรุปอย่างน้อย Top 3 โครงการ/พื้นที่ที่เกี่ยวข้องกับ ""ปริมาณการใช้น้ำรวม 4 ประเภททั้งหมด - 14 วันข้างหน้า"" พร้อมค่า <ตัวเลข> ลบ.ม./วินาที ชื่อโครงการ/พื้นที่ และไม่ถามย้อนกลับให้ผู้ใช้ระบุ id เพิ่ม — (ต้องมีคำว่า: พยากรณ์)",สรุปผลแบบเปรียบเทียบ/จัดอันดับ (เช่น Top 3) ไม่ใช่ถามย้อนกลับ|มีตัวเลขพร้อมหน่วย ลบ.ม./วินาที|มีชื่อโครงการ/พื้นที่อย่างน้อย 3 รายการ และระบุว่าเป็นสัปดาห์ล่าสุดหรือสัปดาห์ก่อน,aggregate
3,"ปริมาณการใช้น้ำรวม 4 ประเภททั้งหมด - 7 วันข้างหน้า (ลบ.ม./วินาที) ของ""โครงการส่งน้ำและบำรุงรักษาท่อทองแดง"" สัปดาห์ล่าสุดเป็นเท่าไร?","ตอบจาก dashboard วิเคราะห์ (simsat) ของ ""โครงการส่งน้ำและบำรุงรักษาท่อทองแดง"" — สัปดาห์ล่าสุด (2026-05-11 ถึง 2026-05-17) — โดยรายงานปริมาณการใช้น้ำรวม 4 ประเภททั้งหมด - 7 วันข้างหน้า = <ตัวเลข> ลบ.ม./วินาที — อ้างอิง farmplot_batch_id b6e7bd3b-f170-4408-bbec-e8ee54e3d382 — ยืนยันหน่วยให้ตรงกับคำถาม และสรุปสั้นกระชับ — (ต้องมีคำว่า: พยากรณ์)",มีชื่อโครงการ/ชื่อพื้นที่ (plot_name) ที่ถูกถามในคำตอบ|มีตัวเลขพร้อมหน่วย ลบ.ม./วินาที|ระบุว่าเป็นสัปดาห์ล่าสุดหรือสัปดาห์ก่อน และช่วงวันที่ที่อ้างอิง,specific
4,"ปริมาณการใช้น้ำรวม 4 ประเภททั้งหมด - รวมประสิทธิภาพชลประทาน (ลบ.ม./วินาที) ของ""โครงการส่งน้ำและบำรุงรักษาแม่ยม"" สัปดาห์ก่อน เทียบกับสัปดาห์ล่าสุดต่างกันเท่าไร (อ้างอิง id bce73258-fa11-4827-ba5d-937c3b471a12)?","ควรตอบจาก dashboard วิเคราะห์ (simsat) ของ ""โครงการส่งน้ำและบำรุงรักษาแม่ยม"" โดยให้ค่าปริมาณการใช้น้ำรวม 4 ประเภททั้งหมด - รวมประสิทธิภาพชลประทาน สัปดาห์ก่อน (2026-05-04 ถึง 2026-05-10) = <ตัวเลข> ลบ.ม./วินาที และสัปดาห์ล่าสุด (2026-05-11 ถึง 2026-05-17) = <ตัวเลข> ลบ.ม./วินาที พร้อมสรุปว่าเพิ่ม/ลดเท่าไร (หน่วย ลบ.ม./วินาที)",มีชื่อโครงการ/ชื่อพื้นที่ (plot_name) ที่ถูกถามในคำตอบ|มีตัวเลขพร้อมหน่วย ลบ.ม./วินาที|ระบุว่าเป็นสัปดาห์ล่าสุดหรือสัปดาห์ก่อน และช่วงวันที่ที่อ้างอิง,specific
5,"พื้นที่ตามข้อมูล RID (ไร่) ของ""โครงการส่งน้ำและบำรุงรักษาแม่ยม"" สัปดาห์ก่อนเป็นเท่าไร?","ตอบจาก dashboard วิเคราะห์ (simsat) ของ ""โครงการส่งน้ำและบำรุงรักษาแม่ยม"" — สัปดาห์ก่อน (2026-05-04 ถึง 2026-05-10) — โดยรายงานพื้นที่ตามข้อมูล RID = <ตัวเลข> ไร่ — อ้างอิง farmplot_batch_id bce73258-fa11-4827-ba5d-937c3b471a12 — ยืนยันหน่วยให้ตรงกับคำถาม และสรุปสั้นกระชับ — (ต้องมีคำว่า: แปลง)",มีชื่อโครงการ/ชื่อพื้นที่ (plot_name) ที่ถูกถามในคำตอบ|มีตัวเลขพร้อมหน่วย ไร่|ระบุว่าเป็นสัปดาห์ล่าสุดหรือสัปดาห์ก่อน และช่วงวันที่ที่อ้างอิง,specific
6,"พื้นที่ตามข้อมูล RID (ไร่) ของ""โครงการส่งน้ำและบำรุงรักษาแม่ยม"" สัปดาห์ล่าสุดเป็นเท่าไร?","ตอบจาก dashboard วิเคราะห์ (simsat) ของ ""โครงการส่งน้ำและบำรุงรักษาแม่ยม"" — สัปดาห์ล่าสุด (2026-05-11 ถึง 2026-05-17) — โดยรายงานพื้นที่ตามข้อมูล RID = <ตัวเลข> ไร่ — อ้างอิง farmplot_batch_id bce73258-fa11-4827-ba5d-937c3b471a12 — ยืนยันหน่วยให้ตรงกับคำถาม และสรุปสั้นกระชับ — (ต้องมีคำว่า: แปลง)",มีชื่อโครงการ/ชื่อพื้นที่ (plot_name) ที่ถูกถามในคำตอบ|มีตัวเลขพร้อมหน่วย ไร่|ระบุว่าเป็นสัปดาห์ล่าสุดหรือสัปดาห์ก่อน และช่วงวันที่ที่อ้างอิง,specific
7,"พื้นที่ข้าว (ไร่) ของ""โครงการชลประทานกำแพงเพชร"" สัปดาห์ก่อนเป็นเท่าไร?","ตอบจาก dashboard วิเคราะห์ (simsat) ของ ""โครงการชลประทานกำแพงเพชร"" — สัปดาห์ก่อน (2026-05-04 ถึง 2026-05-10) — โดยรายงานพื้นที่ข้าว = <ตัวเลข> ไร่ — อ้างอิง farmplot_batch_id df4b8eda-7cc0-40fb-9684-c01557ddd87a — ยืนยันหน่วยให้ตรงกับคำถาม และสรุปสั้นกระชับ — (ต้องมีคำว่า: แปลง)",มีชื่อโครงการ/ชื่อพื้นที่ (plot_name) ที่ถูกถามในคำตอบ|มีตัวเลขพร้อมหน่วย ไร่|ระบุว่าเป็นสัปดาห์ล่าสุดหรือสัปดาห์ก่อน และช่วงวันที่ที่อ้างอิง,specific
8,"พื้นที่อ้อย (ไร่) ของ""โครงการชลประทานสุโขทัย"" สัปดาห์ล่าสุดเป็นเท่าไร?","ตอบจาก dashboard วิเคราะห์ (simsat) ของ ""โครงการชลประทานสุโขทัย"" — สัปดาห์ล่าสุด (2026-05-11 ถึง 2026-05-17) — โดยรายงานพื้นที่อ้อย = <ตัวเลข> ไร่ — อ้างอิง farmplot_batch_id e98d2019-210d-497e-9884-d530f1e717b8 — ยืนยันหน่วยให้ตรงกับคำถาม และสรุปสั้นกระชับ — (ต้องมีคำว่า: แปลง)",มีชื่อโครงการ/ชื่อพื้นที่ (plot_name) ที่ถูกถามในคำตอบ|มีตัวเลขพร้อมหน่วย ไร่|ระบุว่าเป็นสัปดาห์ล่าสุดหรือสัปดาห์ก่อน และช่วงวันที่ที่อ้างอิง,specific
9,"พื้นที่มันสำปะหลัง (ไร่) ของ""โครงการส่งน้ำและบำรุงรักษาวังยาง - หนองขวัญ"" สัปดาห์ล่าสุดเป็นเท่าไร?","ตอบจาก dashboard วิเคราะห์ (simsat) ของ ""โครงการส่งน้ำและบำรุงรักษาวังยาง - หนองขวัญ"" — สัปดาห์ล่าสุด (2026-05-11 ถึง 2026-05-17) — โดยรายงานพื้นที่มันสำปะหลัง = <ตัวเลข> ไร่ — อ้างอิง farmplot_batch_id 74513790-a4a8-4ed3-950c-5ff147827f20 — ยืนยันหน่วยให้ตรงกับคำถาม และสรุปสั้นกระชับ — (ต้องมีคำว่า: แปลง)",มีชื่อโครงการ/ชื่อพื้นที่ (plot_name) ที่ถูกถามในคำตอบ|มีตัวเลขพร้อมหน่วย ไร่|ระบุว่าเป็นสัปดาห์ล่าสุดหรือสัปดาห์ก่อน และช่วงวันที่ที่อ้างอิง,specific
10,"พื้นที่ที่ใช้ในการวิเคราะห์ (ไร่) ของ""โครงการส่งน้ำและบำรุงรักษาวังยาง - หนองขวัญ"" สัปดาห์ก่อนเป็นเท่าไร?","ตอบจาก dashboard วิเคราะห์ (simsat) ของ ""โครงการส่งน้ำและบำรุงรักษาวังยาง - หนองขวัญ"" — สัปดาห์ก่อน (2026-05-04 ถึง 2026-05-10) — โดยรายงานพื้นที่ที่ใช้ในการวิเคราะห์ = <ตัวเลข> ไร่ — อ้างอิง farmplot_batch_id 74513790-a4a8-4ed3-950c-5ff147827f20 — ยืนยันหน่วยให้ตรงกับคำถาม และสรุปสั้นกระชับ — (ต้องมีคำว่า: แปลง)",มีชื่อโครงการ/ชื่อพื้นที่ (plot_name) ที่ถูกถามในคำตอบ|มีตัวเลขพร้อมหน่วย ไร่|ระบุว่าเป็นสัปดาห์ล่าสุดหรือสัปดาห์ก่อน และช่วงวันที่ที่อ้างอิง,specific
11,"พื้นที่ตามข้อมูล RID (ไร่) ของ""โครงการส่งน้ำและบำรุงรักษาสุโขทัย"" สัปดาห์ก่อนเป็นเท่าไร?","ตอบจาก dashboard วิเคราะห์ (simsat) ของ ""โครงการส่งน้ำและบำรุงรักษาสุโขทัย"" — สัปดาห์ก่อน (2026-05-04 ถึง 2026-05-10) — โดยรายงานพื้นที่ตามข้อมูล RID = <ตัวเลข> ไร่ — อ้างอิง farmplot_batch_id 10fabd4d-633b-4448-bc25-4dc3aa4cdee8 — ยืนยันหน่วยให้ตรงกับคำถาม และสรุปสั้นกระชับ — (ต้องมีคำว่า: แปลง)",มีชื่อโครงการ/ชื่อพื้นที่ (plot_name) ที่ถูกถามในคำตอบ|มีตัวเลขพร้อมหน่วย ไร่|ระบุว่าเป็นสัปดาห์ล่าสุดหรือสัปดาห์ก่อน และช่วงวันที่ที่อ้างอิง,specific
12,Top 3 โครงการ/พื้นที่ที่ปริมาณการใช้น้ำรวม 4 ประเภททั้งหมด - 14 วันข้างหน้าสูงสุด สัปดาห์ก่อน คืออะไร และมีค่าเท่าไร (ลบ.ม./วินาที)?,"ควรสรุปจาก dashboard วิเคราะห์ (simsat) สัปดาห์ก่อน (2026-05-04 ถึง 2026-05-10) โดยสรุปอย่างน้อย Top 3 โครงการ/พื้นที่ที่เกี่ยวข้องกับ ""ปริมาณการใช้น้ำรวม 4 ประเภททั้งหมด - 14 วันข้างหน้า"" พร้อมค่า <ตัวเลข> ลบ.ม./วินาที ชื่อโครงการ/พื้นที่ และไม่ถามย้อนกลับให้ผู้ใช้ระบุ id เพิ่ม — (ต้องมีคำว่า: พยากรณ์)",สรุปผลแบบเปรียบเทียบ/จัดอันดับ (เช่น Top 3) ไม่ใช่ถามย้อนกลับ|มีตัวเลขพร้อมหน่วย ลบ.ม./วินาที|มีชื่อโครงการ/พื้นที่อย่างน้อย 3 รายการ และระบุว่าเป็นสัปดาห์ล่าสุดหรือสัปดาห์ก่อน,aggregate
13,"พื้นที่มันสำปะหลัง (ไร่) ของ""โครงการชลประทานกำแพงเพชร"" สัปดาห์ก่อนเป็นเท่าไร (อ้างอิง id df4b8eda-7cc0-40fb-9684-c01557ddd87a)?","ตอบจาก dashboard วิเคราะห์ (simsat) ของ ""โครงการชลประทานกำแพงเพชร"" — สัปดาห์ก่อน (2026-05-04 ถึง 2026-05-10) — โดยรายงานพื้นที่มันสำปะหลัง = <ตัวเลข> ไร่ — อ้างอิง farmplot_batch_id df4b8eda-7cc0-40fb-9684-c01557ddd87a — ยืนยันหน่วยให้ตรงกับคำถาม และสรุปสั้นกระชับ — (ต้องมีคำว่า: แปลง)",มีชื่อโครงการ/ชื่อพื้นที่ (plot_name) ที่ถูกถามในคำตอบ|มีตัวเลขพร้อมหน่วย ไร่|ระบุว่าเป็นสัปดาห์ล่าสุดหรือสัปดาห์ก่อน และช่วงวันที่ที่อ้างอิง,specific
14,Top 3 โครงการ/พื้นที่ที่พื้นที่อ้อยสูงสุด สัปดาห์ก่อน คืออะไร และมีค่าเท่าไร (ไร่)?,"ควรสรุปจาก dashboard วิเคราะห์ (simsat) สัปดาห์ก่อน (2026-05-04 ถึง 2026-05-10) โดยสรุปอย่างน้อย Top 3 โครงการ/พื้นที่ที่เกี่ยวข้องกับ ""พื้นที่อ้อย"" พร้อมค่า <ตัวเลข> ไร่ ชื่อโครงการ/พื้นที่ และไม่ถามย้อนกลับให้ผู้ใช้ระบุ id เพิ่ม — (ต้องมีคำว่า: แปลง)",สรุปผลแบบเปรียบเทียบ/จัดอันดับ (เช่น Top 3) ไม่ใช่ถามย้อนกลับ|มีตัวเลขพร้อมหน่วย ไร่|มีชื่อโครงการ/พื้นที่อย่างน้อย 3 รายการ และระบุว่าเป็นสัปดาห์ล่าสุดหรือสัปดาห์ก่อน,aggregate
15,"พื้นที่ข้าว (ไร่) ของ""โครงการชลประทานแพร่"" สัปดาห์ล่าสุดเป็นเท่าไร?","ตอบจาก dashboard วิเคราะห์ (simsat) ของ ""โครงการชลประทานแพร่"" — สัปดาห์ล่าสุด (2026-05-11 ถึง 2026-05-17) — โดยรายงานพื้นที่ข้าว = <ตัวเลข> ไร่ — อ้างอิง farmplot_batch_id ee44f6fc-c1aa-44a0-8f61-fd2e82befad6 — ยืนยันหน่วยให้ตรงกับคำถาม และสรุปสั้นกระชับ — (ต้องมีคำว่า: แปลง)",มีชื่อโครงการ/ชื่อพื้นที่ (plot_name) ที่ถูกถามในคำตอบ|มีตัวเลขพร้อมหน่วย ไร่|ระบุว่าเป็นสัปดาห์ล่าสุดหรือสัปดาห์ก่อน และช่วงวันที่ที่อ้างอิง,specific
16,"ปริมาณการใช้น้ำรวม 4 ประเภททั้งหมด - 7 วันข้างหน้า (ลบ.ม./วินาที) ของ""โครงการส่งน้ำและบำรุงรักษาท่อทองแดง"" สัปดาห์ก่อนเป็นเท่าไร?","ตอบจาก dashboard วิเคราะห์ (simsat) ของ ""โครงการส่งน้ำและบำรุงรักษาท่อทองแดง"" — สัปดาห์ก่อน (2026-05-04 ถึง 2026-05-10) — โดยรายงานปริมาณการใช้น้ำรวม 4 ประเภททั้งหมด - 7 วันข้างหน้า = <ตัวเลข> ลบ.ม./วินาที — อ้างอิง farmplot_batch_id b6e7bd3b-f170-4408-bbec-e8ee54e3d382 — ยืนยันหน่วยให้ตรงกับคำถาม และสรุปสั้นกระชับ — (ต้องมีคำว่า: พยากรณ์)",มีชื่อโครงการ/ชื่อพื้นที่ (plot_name) ที่ถูกถามในคำตอบ|มีตัวเลขพร้อมหน่วย ลบ.ม./วินาที|ระบุว่าเป็นสัปดาห์ล่าสุดหรือสัปดาห์ก่อน และช่วงวันที่ที่อ้างอิง,specific
17,"พื้นที่ที่ใช้ในการวิเคราะห์ (ไร่) ของ""โครงการชลประทานตาก"" สัปดาห์ก่อนเป็นเท่าไร (อ้างอิง id a0292383-4653-4d0c-b8f0-cf1ddd5f3bb1)?","ตอบจาก dashboard วิเคราะห์ (simsat) ของ ""โครงการชลประทานตาก"" — สัปดาห์ก่อน (2026-05-04 ถึง 2026-05-10) — โดยรายงานพื้นที่ที่ใช้ในการวิเคราะห์ = <ตัวเลข> ไร่ — อ้างอิง farmplot_batch_id a0292383-4653-4d0c-b8f0-cf1ddd5f3bb1 — ยืนยันหน่วยให้ตรงกับคำถาม และสรุปสั้นกระชับ — (ต้องมีคำว่า: แปลง)",มีชื่อโครงการ/ชื่อพื้นที่ (plot_name) ที่ถูกถามในคำตอบ|มีตัวเลขพร้อมหน่วย ไร่|ระบุว่าเป็นสัปดาห์ล่าสุดหรือสัปดาห์ก่อน และช่วงวันที่ที่อ้างอิง,specific
18,"พื้นที่ข้าว (ไร่) ของ""rid4"" สัปดาห์ล่าสุดเป็นเท่าไร?","ตอบจาก dashboard วิเคราะห์ (simsat) ของ ""rid4"" — สัปดาห์ล่าสุด (2026-05-11 ถึง 2026-05-17) — โดยรายงานพื้นที่ข้าว = <ตัวเลข> ไร่ — อ้างอิง farmplot_batch_id 5c388852-6015-4cf6-8714-3c435b8ae317 — ยืนยันหน่วยให้ตรงกับคำถาม และสรุปสั้นกระชับ — (ต้องมีคำว่า: แปลง)",มีชื่อโครงการ/ชื่อพื้นที่ (plot_name) ที่ถูกถามในคำตอบ|มีตัวเลขพร้อมหน่วย ไร่|ระบุว่าเป็นสัปดาห์ล่าสุดหรือสัปดาห์ก่อน และช่วงวันที่ที่อ้างอิง,specific
19,"พื้นที่ตามข้อมูล LDD (ไร่) ของ""โครงการส่งน้ำและบำรุงรักษาสุโขทัย"" สัปดาห์ก่อน เทียบกับสัปดาห์ล่าสุดต่างกันเท่าไร?","ควรตอบจาก dashboard วิเคราะห์ (simsat) ของ ""โครงการส่งน้ำและบำรุงรักษาสุโขทัย"" โดยให้ค่าพื้นที่ตามข้อมูล LDD สัปดาห์ก่อน (2026-05-04 ถึง 2026-05-10) = <ตัวเลข> ไร่ และสัปดาห์ล่าสุด (2026-05-11 ถึง 2026-05-17) = <ตัวเลข> ไร่ พร้อมสรุปว่าเพิ่ม/ลดเท่าไร (หน่วย ไร่) — (ต้องมีคำว่า: แปลง)",มีชื่อโครงการ/ชื่อพื้นที่ (plot_name) ที่ถูกถามในคำตอบ|มีตัวเลขพร้อมหน่วย ไร่|ระบุว่าเป็นสัปดาห์ล่าสุดหรือสัปดาห์ก่อน และช่วงวันที่ที่อ้างอิง,specific
20,"พื้นที่ที่ใช้ในการวิเคราะห์ (ไร่) ของ""โครงการชลประทานกำแพงเพชร"" สัปดาห์ล่าสุดเป็นเท่าไร?","ตอบจาก dashboard วิเคราะห์ (simsat) ของ ""โครงการชลประทานกำแพงเพชร"" — สัปดาห์ล่าสุด (2026-05-11 ถึง 2026-05-17) — โดยรายงานพื้นที่ที่ใช้ในการวิเคราะห์ = <ตัวเลข> ไร่ — อ้างอิง farmplot_batch_id df4b8eda-7cc0-40fb-9684-c01557ddd87a — ยืนยันหน่วยให้ตรงกับคำถาม และสรุปสั้นกระชับ — (ต้องมีคำว่า: แปลง)",มีชื่อโครงการ/ชื่อพื้นที่ (plot_name) ที่ถูกถามในคำตอบ|มีตัวเลขพร้อมหน่วย ไร่|ระบุว่าเป็นสัปดาห์ล่าสุดหรือสัปดาห์ก่อน และช่วงวันที่ที่อ้างอิง,specific
21,"พื้นที่อ้อย (ไร่) ของ""โครงการชลประทานแพร่"" สัปดาห์ก่อนเป็นเท่าไร?","ตอบจาก dashboard วิเคราะห์ (simsat) ของ ""โครงการชลประทานแพร่"" — สัปดาห์ก่อน (2026-05-04 ถึง 2026-05-10) — โดยรายงานพื้นที่อ้อย = <ตัวเลข> ไร่ — อ้างอิง farmplot_batch_id ee44f6fc-c1aa-44a0-8f61-fd2e82befad6 — ยืนยันหน่วยให้ตรงกับคำถาม และสรุปสั้นกระชับ — (ต้องมีคำว่า: แปลง)",มีชื่อโครงการ/ชื่อพื้นที่ (plot_name) ที่ถูกถามในคำตอบ|มีตัวเลขพร้อมหน่วย ไร่|ระบุว่าเป็นสัปดาห์ล่าสุดหรือสัปดาห์ก่อน และช่วงวันที่ที่อ้างอิง,specific
22,"ปริมาณการใช้น้ำรวม 4 ประเภททั้งหมด - 7 วันข้างหน้า (ลบ.ม./วินาที) ของ""โครงการชลประทานตาก"" สัปดาห์ก่อนเป็นเท่าไร?","ตอบจาก dashboard วิเคราะห์ (simsat) ของ ""โครงการชลประทานตาก"" — สัปดาห์ก่อน (2026-05-04 ถึง 2026-05-10) — โดยรายงานปริมาณการใช้น้ำรวม 4 ประเภททั้งหมด - 7 วันข้างหน้า = <ตัวเลข> ลบ.ม./วินาที — อ้างอิง farmplot_batch_id a0292383-4653-4d0c-b8f0-cf1ddd5f3bb1 — ยืนยันหน่วยให้ตรงกับคำถาม และสรุปสั้นกระชับ — (ต้องมีคำว่า: พยากรณ์)",มีชื่อโครงการ/ชื่อพื้นที่ (plot_name) ที่ถูกถามในคำตอบ|มีตัวเลขพร้อมหน่วย ลบ.ม./วินาที|ระบุว่าเป็นสัปดาห์ล่าสุดหรือสัปดาห์ก่อน และช่วงวันที่ที่อ้างอิง,specific
23,Top 3 โครงการ/พื้นที่ที่พื้นที่ตามข้อมูล LDDสูงสุด สัปดาห์ก่อน คืออะไร และมีค่าเท่าไร (ไร่)?,"ควรสรุปจาก dashboard วิเคราะห์ (simsat) สัปดาห์ก่อน (2026-05-04 ถึง 2026-05-10) โดยสรุปอย่างน้อย Top 3 โครงการ/พื้นที่ที่เกี่ยวข้องกับ ""พื้นที่ตามข้อมูล LDD"" พร้อมค่า <ตัวเลข> ไร่ ชื่อโครงการ/พื้นที่ และไม่ถามย้อนกลับให้ผู้ใช้ระบุ id เพิ่ม — (ต้องมีคำว่า: แปลง)",สรุปผลแบบเปรียบเทียบ/จัดอันดับ (เช่น Top 3) ไม่ใช่ถามย้อนกลับ|มีตัวเลขพร้อมหน่วย ไร่|มีชื่อโครงการ/พื้นที่อย่างน้อย 3 รายการ และระบุว่าเป็นสัปดาห์ล่าสุดหรือสัปดาห์ก่อน,aggregate
24,"พื้นที่ข้าวโพด (ไร่) ของ""โครงการส่งน้ำและบำรุงรักษาวังยาง - หนองขวัญ"" สัปดาห์ล่าสุดเป็นเท่าไร?","ตอบจาก dashboard วิเคราะห์ (simsat) ของ ""โครงการส่งน้ำและบำรุงรักษาวังยาง - หนองขวัญ"" — สัปดาห์ล่าสุด (2026-05-11 ถึง 2026-05-17) — โดยรายงานพื้นที่ข้าวโพด = <ตัวเลข> ไร่ — อ้างอิง farmplot_batch_id 74513790-a4a8-4ed3-950c-5ff147827f20 — ยืนยันหน่วยให้ตรงกับคำถาม และสรุปสั้นกระชับ — (ต้องมีคำว่า: แปลง)",มีชื่อโครงการ/ชื่อพื้นที่ (plot_name) ที่ถูกถามในคำตอบ|มีตัวเลขพร้อมหน่วย ไร่|ระบุว่าเป็นสัปดาห์ล่าสุดหรือสัปดาห์ก่อน และช่วงวันที่ที่อ้างอิง,specific
25,"พื้นที่ข้าวโพด (ไร่) ของ""โครงการส่งน้ำและบำรุงรักษาวังยาง - หนองขวัญ"" สัปดาห์ก่อนเป็นเท่าไร?","ตอบจาก dashboard วิเคราะห์ (simsat) ของ ""โครงการส่งน้ำและบำรุงรักษาวังยาง - หนองขวัญ"" — สัปดาห์ก่อน (2026-05-04 ถึง 2026-05-10) — โดยรายงานพื้นที่ข้าวโพด = <ตัวเลข> ไร่ — อ้างอิง farmplot_batch_id 74513790-a4a8-4ed3-950c-5ff147827f20 — ยืนยันหน่วยให้ตรงกับคำถาม และสรุปสั้นกระชับ — (ต้องมีคำว่า: แปลง)",มีชื่อโครงการ/ชื่อพื้นที่ (plot_name) ที่ถูกถามในคำตอบ|มีตัวเลขพร้อมหน่วย ไร่|ระบุว่าเป็นสัปดาห์ล่าสุดหรือสัปดาห์ก่อน และช่วงวันที่ที่อ้างอิง,specific
26,"พื้นที่ตามข้อมูล LDD (ไร่) ของ""โครงการส่งน้ำและบำรุงรักษาวังยาง - หนองขวัญ"" สัปดาห์ก่อน เทียบกับสัปดาห์ล่าสุดต่างกันเท่าไร?","ควรตอบจาก dashboard วิเคราะห์ (simsat) ของ ""โครงการส่งน้ำและบำรุงรักษาวังยาง - หนองขวัญ"" โดยให้ค่าพื้นที่ตามข้อมูล LDD สัปดาห์ก่อน (2026-05-04 ถึง 2026-05-10) = <ตัวเลข> ไร่ และสัปดาห์ล่าสุด (2026-05-11 ถึง 2026-05-17) = <ตัวเลข> ไร่ พร้อมสรุปว่าเพิ่ม/ลดเท่าไร (หน่วย ไร่) — (ต้องมีคำว่า: แปลง)",มีชื่อโครงการ/ชื่อพื้นที่ (plot_name) ที่ถูกถามในคำตอบ|มีตัวเลขพร้อมหน่วย ไร่|ระบุว่าเป็นสัปดาห์ล่าสุดหรือสัปดาห์ก่อน และช่วงวันที่ที่อ้างอิง,specific
27,พื้นที่ที่ใช้ในการวิเคราะห์ (ไร่) ภาพรวมทั้งพื้นที่ สชป.4 สัปดาห์ล่าสุดเป็นเท่าไร?,"ควรสรุปจาก dashboard วิเคราะห์ (simsat) สัปดาห์ล่าสุด (2026-05-11 ถึง 2026-05-17) โดยสรุปอย่างน้อย Top 3 โครงการ/พื้นที่ที่เกี่ยวข้องกับ ""พื้นที่ที่ใช้ในการวิเคราะห์"" พร้อมค่า <ตัวเลข> ไร่ ชื่อโครงการ/พื้นที่ และไม่ถามย้อนกลับให้ผู้ใช้ระบุ id เพิ่ม — (ต้องมีคำว่า: แปลง)",สรุปผลแบบเปรียบเทียบ/จัดอันดับ (เช่น Top 3) ไม่ใช่ถามย้อนกลับ|มีตัวเลขพร้อมหน่วย ไร่|มีชื่อโครงการ/พื้นที่อย่างน้อย 3 รายการ และระบุว่าเป็นสัปดาห์ล่าสุดหรือสัปดาห์ก่อน,aggregate
28,Top 3 โครงการ/พื้นที่ที่พื้นที่อ้อยสูงสุด สัปดาห์ล่าสุด คืออะไร และมีค่าเท่าไร (ไร่)?,"ควรสรุปจาก dashboard วิเคราะห์ (simsat) สัปดาห์ล่าสุด (2026-05-11 ถึง 2026-05-17) โดยสรุปอย่างน้อย Top 3 โครงการ/พื้นที่ที่เกี่ยวข้องกับ ""พื้นที่อ้อย"" พร้อมค่า <ตัวเลข> ไร่ ชื่อโครงการ/พื้นที่ และไม่ถามย้อนกลับให้ผู้ใช้ระบุ id เพิ่ม — (ต้องมีคำว่า: แปลง)",สรุปผลแบบเปรียบเทียบ/จัดอันดับ (เช่น Top 3) ไม่ใช่ถามย้อนกลับ|มีตัวเลขพร้อมหน่วย ไร่|มีชื่อโครงการ/พื้นที่อย่างน้อย 3 รายการ และระบุว่าเป็นสัปดาห์ล่าสุดหรือสัปดาห์ก่อน,aggregate
29,"พื้นที่มันสำปะหลัง (ไร่) ของ""โครงการชลประทานสุโขทัย"" สัปดาห์ล่าสุดเป็นเท่าไร?","ตอบจาก dashboard วิเคราะห์ (simsat) ของ ""โครงการชลประทานสุโขทัย"" — สัปดาห์ล่าสุด (2026-05-11 ถึง 2026-05-17) — โดยรายงานพื้นที่มันสำปะหลัง = <ตัวเลข> ไร่ — อ้างอิง farmplot_batch_id e98d2019-210d-497e-9884-d530f1e717b8 — ยืนยันหน่วยให้ตรงกับคำถาม และสรุปสั้นกระชับ — (ต้องมีคำว่า: แปลง)",มีชื่อโครงการ/ชื่อพื้นที่ (plot_name) ที่ถูกถามในคำตอบ|มีตัวเลขพร้อมหน่วย ไร่|ระบุว่าเป็นสัปดาห์ล่าสุดหรือสัปดาห์ก่อน และช่วงวันที่ที่อ้างอิง,specific
30,"พื้นที่มันสำปะหลัง (ไร่) ของ""โครงการชลประทานกำแพงเพชร"" สัปดาห์ล่าสุดเป็นเท่าไร?","ตอบจาก dashboard วิเคราะห์ (simsat) ของ ""โครงการชลประทานกำแพงเพชร"" — สัปดาห์ล่าสุด (2026-05-11 ถึง 2026-05-17) — โดยรายงานพื้นที่มันสำปะหลัง = <ตัวเลข> ไร่ — อ้างอิง farmplot_batch_id df4b8eda-7cc0-40fb-9684-c01557ddd87a — ยืนยันหน่วยให้ตรงกับคำถาม และสรุปสั้นกระชับ — (ต้องมีคำว่า: แปลง)",มีชื่อโครงการ/ชื่อพื้นที่ (plot_name) ที่ถูกถามในคำตอบ|มีตัวเลขพร้อมหน่วย ไร่|ระบุว่าเป็นสัปดาห์ล่าสุดหรือสัปดาห์ก่อน และช่วงวันที่ที่อ้างอิง,specific
31,Top 3 โครงการ/พื้นที่ที่ปริมาณการใช้น้ำรวม 4 ประเภททั้งหมด - 14 วันข้างหน้าสูงสุด สัปดาห์ก่อน คืออะไร และมีค่าเท่าไร (ลบ.ม./วินาที)?,"ควรสรุปจาก dashboard วิเคราะห์ (simsat) สัปดาห์ก่อน (2026-05-04 ถึง 2026-05-10) โดยสรุปอย่างน้อย Top 3 โครงการ/พื้นที่ที่เกี่ยวข้องกับ ""ปริมาณการใช้น้ำรวม 4 ประเภททั้งหมด - 14 วันข้างหน้า"" พร้อมค่า <ตัวเลข> ลบ.ม./วินาที ชื่อโครงการ/พื้นที่ และไม่ถามย้อนกลับให้ผู้ใช้ระบุ id เพิ่ม — (ต้องมีคำว่า: พยากรณ์)",สรุปผลแบบเปรียบเทียบ/จัดอันดับ (เช่น Top 3) ไม่ใช่ถามย้อนกลับ|มีตัวเลขพร้อมหน่วย ลบ.ม./วินาที|มีชื่อโครงการ/พื้นที่อย่างน้อย 3 รายการ และระบุว่าเป็นสัปดาห์ล่าสุดหรือสัปดาห์ก่อน,aggregate
32,Top 3 โครงการ/พื้นที่ที่พื้นที่ข้าวโพดสูงสุด สัปดาห์ก่อน คืออะไร และมีค่าเท่าไร (ไร่)?,"ควรสรุปจาก dashboard วิเคราะห์ (simsat) สัปดาห์ก่อน (2026-05-04 ถึง 2026-05-10) โดยสรุปอย่างน้อย Top 3 โครงการ/พื้นที่ที่เกี่ยวข้องกับ ""พื้นที่ข้าวโพด"" พร้อมค่า <ตัวเลข> ไร่ ชื่อโครงการ/พื้นที่ และไม่ถามย้อนกลับให้ผู้ใช้ระบุ id เพิ่ม — (ต้องมีคำว่า: แปลง)",สรุปผลแบบเปรียบเทียบ/จัดอันดับ (เช่น Top 3) ไม่ใช่ถามย้อนกลับ|มีตัวเลขพร้อมหน่วย ไร่|มีชื่อโครงการ/พื้นที่อย่างน้อย 3 รายการ และระบุว่าเป็นสัปดาห์ล่าสุดหรือสัปดาห์ก่อน,aggregate
33,"พื้นที่มันสำปะหลัง (ไร่) ของ""โครงการส่งน้ำและบำรุงรักษาสุโขทัย"" สัปดาห์ล่าสุดเป็นเท่าไร?","ตอบจาก dashboard วิเคราะห์ (simsat) ของ ""โครงการส่งน้ำและบำรุงรักษาสุโขทัย"" — สัปดาห์ล่าสุด (2026-05-11 ถึง 2026-05-17) — โดยรายงานพื้นที่มันสำปะหลัง = <ตัวเลข> ไร่ — อ้างอิง farmplot_batch_id 10fabd4d-633b-4448-bc25-4dc3aa4cdee8 — ยืนยันหน่วยให้ตรงกับคำถาม และสรุปสั้นกระชับ — (ต้องมีคำว่า: แปลง)",มีชื่อโครงการ/ชื่อพื้นที่ (plot_name) ที่ถูกถามในคำตอบ|มีตัวเลขพร้อมหน่วย ไร่|ระบุว่าเป็นสัปดาห์ล่าสุดหรือสัปดาห์ก่อน และช่วงวันที่ที่อ้างอิง,specific
34,Top 3 โครงการ/พื้นที่ที่พื้นที่ข้าวสูงสุด สัปดาห์ก่อน คืออะไร และมีค่าเท่าไร (ไร่)?,"ควรสรุปจาก dashboard วิเคราะห์ (simsat) สัปดาห์ก่อน (2026-05-04 ถึง 2026-05-10) โดยสรุปอย่างน้อย Top 3 โครงการ/พื้นที่ที่เกี่ยวข้องกับ ""พื้นที่ข้าว"" พร้อมค่า <ตัวเลข> ไร่ ชื่อโครงการ/พื้นที่ และไม่ถามย้อนกลับให้ผู้ใช้ระบุ id เพิ่ม — (ต้องมีคำว่า: แปลง)",สรุปผลแบบเปรียบเทียบ/จัดอันดับ (เช่น Top 3) ไม่ใช่ถามย้อนกลับ|มีตัวเลขพร้อมหน่วย ไร่|มีชื่อโครงการ/พื้นที่อย่างน้อย 3 รายการ และระบุว่าเป็นสัปดาห์ล่าสุดหรือสัปดาห์ก่อน,aggregate
35,"พื้นที่มันสำปะหลัง (ไร่) ของ""โครงการส่งน้ำและบำรุงรักษาวังยาง - หนองขวัญ"" สัปดาห์ล่าสุดเป็นเท่าไร?","ตอบจาก dashboard วิเคราะห์ (simsat) ของ ""โครงการส่งน้ำและบำรุงรักษาวังยาง - หนองขวัญ"" — สัปดาห์ล่าสุด (2026-05-11 ถึง 2026-05-17) — โดยรายงานพื้นที่มันสำปะหลัง = <ตัวเลข> ไร่ — อ้างอิง farmplot_batch_id 74513790-a4a8-4ed3-950c-5ff147827f20 — ยืนยันหน่วยให้ตรงกับคำถาม และสรุปสั้นกระชับ — (ต้องมีคำว่า: แปลง)",มีชื่อโครงการ/ชื่อพื้นที่ (plot_name) ที่ถูกถามในคำตอบ|มีตัวเลขพร้อมหน่วย ไร่|ระบุว่าเป็นสัปดาห์ล่าสุดหรือสัปดาห์ก่อน และช่วงวันที่ที่อ้างอิง,specific
36,"พื้นที่อ้อย (ไร่) ของ""rid4"" สัปดาห์ล่าสุดเป็นเท่าไร?","ตอบจาก dashboard วิเคราะห์ (simsat) ของ ""rid4"" — สัปดาห์ล่าสุด (2026-05-11 ถึง 2026-05-17) — โดยรายงานพื้นที่อ้อย = <ตัวเลข> ไร่ — อ้างอิง farmplot_batch_id 5c388852-6015-4cf6-8714-3c435b8ae317 — ยืนยันหน่วยให้ตรงกับคำถาม และสรุปสั้นกระชับ — (ต้องมีคำว่า: แปลง)",มีชื่อโครงการ/ชื่อพื้นที่ (plot_name) ที่ถูกถามในคำตอบ|มีตัวเลขพร้อมหน่วย ไร่|ระบุว่าเป็นสัปดาห์ล่าสุดหรือสัปดาห์ก่อน และช่วงวันที่ที่อ้างอิง,specific
37,"ปริมาณการใช้น้ำรวม 4 ประเภททั้งหมด - รวมประสิทธิภาพชลประทาน (ลบ.ม./วินาที) ของ""โครงการส่งน้ำและบำรุงรักษาแม่ยม"" สัปดาห์ก่อนเป็นเท่าไร?","ตอบจาก dashboard วิเคราะห์ (simsat) ของ ""โครงการส่งน้ำและบำรุงรักษาแม่ยม"" — สัปดาห์ก่อน (2026-05-04 ถึง 2026-05-10) — โดยรายงานปริมาณการใช้น้ำรวม 4 ประเภททั้งหมด - รวมประสิทธิภาพชลประทาน = <ตัวเลข> ลบ.ม./วินาที — อ้างอิง farmplot_batch_id bce73258-fa11-4827-ba5d-937c3b471a12 — ยืนยันหน่วยให้ตรงกับคำถาม และสรุปสั้นกระชับ",มีชื่อโครงการ/ชื่อพื้นที่ (plot_name) ที่ถูกถามในคำตอบ|มีตัวเลขพร้อมหน่วย ลบ.ม./วินาที|ระบุว่าเป็นสัปดาห์ล่าสุดหรือสัปดาห์ก่อน และช่วงวันที่ที่อ้างอิง,specific
38,"พื้นที่ตามข้อมูล LDD (ไร่) ของ""โครงการชลประทานกำแพงเพชร"" สัปดาห์ก่อนเป็นเท่าไร?","ตอบจาก dashboard วิเคราะห์ (simsat) ของ ""โครงการชลประทานกำแพงเพชร"" — สัปดาห์ก่อน (2026-05-04 ถึง 2026-05-10) — โดยรายงานพื้นที่ตามข้อมูล LDD = <ตัวเลข> ไร่ — อ้างอิง farmplot_batch_id df4b8eda-7cc0-40fb-9684-c01557ddd87a — ยืนยันหน่วยให้ตรงกับคำถาม และสรุปสั้นกระชับ — (ต้องมีคำว่า: แปลง)",มีชื่อโครงการ/ชื่อพื้นที่ (plot_name) ที่ถูกถามในคำตอบ|มีตัวเลขพร้อมหน่วย ไร่|ระบุว่าเป็นสัปดาห์ล่าสุดหรือสัปดาห์ก่อน และช่วงวันที่ที่อ้างอิง,specific
39,"พื้นที่อ้อย (ไร่) ของ""โครงการชลประทานสุโขทัย"" สัปดาห์ล่าสุดเป็นเท่าไร?","ตอบจาก dashboard วิเคราะห์ (simsat) ของ ""โครงการชลประทานสุโขทัย"" — สัปดาห์ล่าสุด (2026-05-11 ถึง 2026-05-17) — โดยรายงานพื้นที่อ้อย = <ตัวเลข> ไร่ — อ้างอิง farmplot_batch_id e98d2019-210d-497e-9884-d530f1e717b8 — ยืนยันหน่วยให้ตรงกับคำถาม และสรุปสั้นกระชับ — (ต้องมีคำว่า: แปลง)",มีชื่อโครงการ/ชื่อพื้นที่ (plot_name) ที่ถูกถามในคำตอบ|มีตัวเลขพร้อมหน่วย ไร่|ระบุว่าเป็นสัปดาห์ล่าสุดหรือสัปดาห์ก่อน และช่วงวันที่ที่อ้างอิง,specific
40,Top 3 โครงการ/พื้นที่ที่พื้นที่ข้าวโพดสูงสุด สัปดาห์ล่าสุด คืออะไร และมีค่าเท่าไร (ไร่)?,"ควรสรุปจาก dashboard วิเคราะห์ (simsat) สัปดาห์ล่าสุด (2026-05-11 ถึง 2026-05-17) โดยสรุปอย่างน้อย Top 3 โครงการ/พื้นที่ที่เกี่ยวข้องกับ ""พื้นที่ข้าวโพด"" พร้อมค่า <ตัวเลข> ไร่ ชื่อโครงการ/พื้นที่ และไม่ถามย้อนกลับให้ผู้ใช้ระบุ id เพิ่ม — (ต้องมีคำว่า: แปลง)",สรุปผลแบบเปรียบเทียบ/จัดอันดับ (เช่น Top 3) ไม่ใช่ถามย้อนกลับ|มีตัวเลขพร้อมหน่วย ไร่|มีชื่อโครงการ/พื้นที่อย่างน้อย 3 รายการ และระบุว่าเป็นสัปดาห์ล่าสุดหรือสัปดาห์ก่อน,aggregate
41,Top 3 โครงการ/พื้นที่ที่พื้นที่ตามข้อมูล RIDสูงสุด สัปดาห์ล่าสุด คืออะไร และมีค่าเท่าไร (ไร่)?,"ควรสรุปจาก dashboard วิเคราะห์ (simsat) สัปดาห์ล่าสุด (2026-05-11 ถึง 2026-05-17) โดยสรุปอย่างน้อย Top 3 โครงการ/พื้นที่ที่เกี่ยวข้องกับ ""พื้นที่ตามข้อมูล RID"" พร้อมค่า <ตัวเลข> ไร่ ชื่อโครงการ/พื้นที่ และไม่ถามย้อนกลับให้ผู้ใช้ระบุ id เพิ่ม — (ต้องมีคำว่า: แปลง)",สรุปผลแบบเปรียบเทียบ/จัดอันดับ (เช่น Top 3) ไม่ใช่ถามย้อนกลับ|มีตัวเลขพร้อมหน่วย ไร่|มีชื่อโครงการ/พื้นที่อย่างน้อย 3 รายการ และระบุว่าเป็นสัปดาห์ล่าสุดหรือสัปดาห์ก่อน,aggregate
42,"ปริมาณการใช้น้ำรวม 4 ประเภททั้งหมด - รวมประสิทธิภาพชลประทาน (ลบ.ม./วินาที) ของ""โครงการส่งน้ำและบำรุงรักษาท่อทองแดง"" สัปดาห์ก่อนเป็นเท่าไร?","ตอบจาก dashboard วิเคราะห์ (simsat) ของ ""โครงการส่งน้ำและบำรุงรักษาท่อทองแดง"" — สัปดาห์ก่อน (2026-05-04 ถึง 2026-05-10) — โดยรายงานปริมาณการใช้น้ำรวม 4 ประเภททั้งหมด - รวมประสิทธิภาพชลประทาน = <ตัวเลข> ลบ.ม./วินาที — อ้างอิง farmplot_batch_id b6e7bd3b-f170-4408-bbec-e8ee54e3d382 — ยืนยันหน่วยให้ตรงกับคำถาม และสรุปสั้นกระชับ",มีชื่อโครงการ/ชื่อพื้นที่ (plot_name) ที่ถูกถามในคำตอบ|มีตัวเลขพร้อมหน่วย ลบ.ม./วินาที|ระบุว่าเป็นสัปดาห์ล่าสุดหรือสัปดาห์ก่อน และช่วงวันที่ที่อ้างอิง,specific
43,พื้นที่ข้าว (ไร่) ภาพรวมทั้งพื้นที่ สชป.4 สัปดาห์ล่าสุดเป็นเท่าไร?,"ควรสรุปจาก dashboard วิเคราะห์ (simsat) สัปดาห์ล่าสุด (2026-05-11 ถึง 2026-05-17) โดยสรุปอย่างน้อย Top 3 โครงการ/พื้นที่ที่เกี่ยวข้องกับ ""พื้นที่ข้าว"" พร้อมค่า <ตัวเลข> ไร่ ชื่อโครงการ/พื้นที่ และไม่ถามย้อนกลับให้ผู้ใช้ระบุ id เพิ่ม — (ต้องมีคำว่า: แปลง)",สรุปผลแบบเปรียบเทียบ/จัดอันดับ (เช่น Top 3) ไม่ใช่ถามย้อนกลับ|มีตัวเลขพร้อมหน่วย ไร่|มีชื่อโครงการ/พื้นที่อย่างน้อย 3 รายการ และระบุว่าเป็นสัปดาห์ล่าสุดหรือสัปดาห์ก่อน,aggregate
44,"พื้นที่ตามข้อมูล LDD (ไร่) ของ""โครงการส่งน้ำและบำรุงรักษาสุโขทัย"" สัปดาห์ก่อนเป็นเท่าไร?","ตอบจาก dashboard วิเคราะห์ (simsat) ของ ""โครงการส่งน้ำและบำรุงรักษาสุโขทัย"" — สัปดาห์ก่อน (2026-05-04 ถึง 2026-05-10) — โดยรายงานพื้นที่ตามข้อมูล LDD = <ตัวเลข> ไร่ — อ้างอิง farmplot_batch_id 10fabd4d-633b-4448-bc25-4dc3aa4cdee8 — ยืนยันหน่วยให้ตรงกับคำถาม และสรุปสั้นกระชับ — (ต้องมีคำว่า: แปลง)",มีชื่อโครงการ/ชื่อพื้นที่ (plot_name) ที่ถูกถามในคำตอบ|มีตัวเลขพร้อมหน่วย ไร่|ระบุว่าเป็นสัปดาห์ล่าสุดหรือสัปดาห์ก่อน และช่วงวันที่ที่อ้างอิง,specific
45,"ปริมาณการใช้น้ำรวม 4 ประเภททั้งหมด - 7 วันข้างหน้า (ลบ.ม./วินาที) ของ""rid4"" สัปดาห์ล่าสุดเป็นเท่าไร?","ตอบจาก dashboard วิเคราะห์ (simsat) ของ ""rid4"" — สัปดาห์ล่าสุด (2026-05-11 ถึง 2026-05-17) — โดยรายงานปริมาณการใช้น้ำรวม 4 ประเภททั้งหมด - 7 วันข้างหน้า = <ตัวเลข> ลบ.ม./วินาที — อ้างอิง farmplot_batch_id 5c388852-6015-4cf6-8714-3c435b8ae317 — ยืนยันหน่วยให้ตรงกับคำถาม และสรุปสั้นกระชับ — (ต้องมีคำว่า: พยากรณ์)",มีชื่อโครงการ/ชื่อพื้นที่ (plot_name) ที่ถูกถามในคำตอบ|มีตัวเลขพร้อมหน่วย ลบ.ม./วินาที|ระบุว่าเป็นสัปดาห์ล่าสุดหรือสัปดาห์ก่อน และช่วงวันที่ที่อ้างอิง,specific
46,Top 3 โครงการ/พื้นที่ที่พื้นที่อ้อยสูงสุด สัปดาห์ล่าสุด คืออะไร และมีค่าเท่าไร (ไร่)?,"ควรสรุปจาก dashboard วิเคราะห์ (simsat) สัปดาห์ล่าสุด (2026-05-11 ถึง 2026-05-17) โดยสรุปอย่างน้อย Top 3 โครงการ/พื้นที่ที่เกี่ยวข้องกับ ""พื้นที่อ้อย"" พร้อมค่า <ตัวเลข> ไร่ ชื่อโครงการ/พื้นที่ และไม่ถามย้อนกลับให้ผู้ใช้ระบุ id เพิ่ม — (ต้องมีคำว่า: แปลง)",สรุปผลแบบเปรียบเทียบ/จัดอันดับ (เช่น Top 3) ไม่ใช่ถามย้อนกลับ|มีตัวเลขพร้อมหน่วย ไร่|มีชื่อโครงการ/พื้นที่อย่างน้อย 3 รายการ และระบุว่าเป็นสัปดาห์ล่าสุดหรือสัปดาห์ก่อน,aggregate
47,Top 3 โครงการ/พื้นที่ที่พื้นที่ที่ใช้ในการวิเคราะห์สูงสุด สัปดาห์ก่อน คืออะไร และมีค่าเท่าไร (ไร่)?,"ควรสรุปจาก dashboard วิเคราะห์ (simsat) สัปดาห์ก่อน (2026-05-04 ถึง 2026-05-10) โดยสรุปอย่างน้อย Top 3 โครงการ/พื้นที่ที่เกี่ยวข้องกับ ""พื้นที่ที่ใช้ในการวิเคราะห์"" พร้อมค่า <ตัวเลข> ไร่ ชื่อโครงการ/พื้นที่ และไม่ถามย้อนกลับให้ผู้ใช้ระบุ id เพิ่ม — (ต้องมีคำว่า: แปลง)",สรุปผลแบบเปรียบเทียบ/จัดอันดับ (เช่น Top 3) ไม่ใช่ถามย้อนกลับ|มีตัวเลขพร้อมหน่วย ไร่|มีชื่อโครงการ/พื้นที่อย่างน้อย 3 รายการ และระบุว่าเป็นสัปดาห์ล่าสุดหรือสัปดาห์ก่อน,aggregate
48,Top 3 โครงการ/พื้นที่ที่พื้นที่ที่ใช้ในการวิเคราะห์สูงสุด สัปดาห์ก่อน คืออะไร และมีค่าเท่าไร (ไร่)?,"ควรสรุปจาก dashboard วิเคราะห์ (simsat) สัปดาห์ก่อน (2026-05-04 ถึง 2026-05-10) โดยสรุปอย่างน้อย Top 3 โครงการ/พื้นที่ที่เกี่ยวข้องกับ ""พื้นที่ที่ใช้ในการวิเคราะห์"" พร้อมค่า <ตัวเลข> ไร่ ชื่อโครงการ/พื้นที่ และไม่ถามย้อนกลับให้ผู้ใช้ระบุ id เพิ่ม — (ต้องมีคำว่า: แปลง)",สรุปผลแบบเปรียบเทียบ/จัดอันดับ (เช่น Top 3) ไม่ใช่ถามย้อนกลับ|มีตัวเลขพร้อมหน่วย ไร่|มีชื่อโครงการ/พื้นที่อย่างน้อย 3 รายการ และระบุว่าเป็นสัปดาห์ล่าสุดหรือสัปดาห์ก่อน,aggregate
49,"พื้นที่ข้าว (ไร่) ของ""โครงการชลประทานแพร่"" สัปดาห์ล่าสุดเป็นเท่าไร (อ้างอิง id ee44f6fc-c1aa-44a0-8f61-fd2e82befad6)?","ตอบจาก dashboard วิเคราะห์ (simsat) ของ ""โครงการชลประทานแพร่"" — สัปดาห์ล่าสุด (2026-05-11 ถึง 2026-05-17) — โดยรายงานพื้นที่ข้าว = <ตัวเลข> ไร่ — อ้างอิง farmplot_batch_id ee44f6fc-c1aa-44a0-8f61-fd2e82befad6 — ยืนยันหน่วยให้ตรงกับคำถาม และสรุปสั้นกระชับ — (ต้องมีคำว่า: แปลง)",มีชื่อโครงการ/ชื่อพื้นที่ (plot_name) ที่ถูกถามในคำตอบ|มีตัวเลขพร้อมหน่วย ไร่|ระบุว่าเป็นสัปดาห์ล่าสุดหรือสัปดาห์ก่อน และช่วงวันที่ที่อ้างอิง,specific
50,"พื้นที่ข้าว (ไร่) ของ""โครงการส่งน้ำและบำรุงรักษาสุโขทัย"" สัปดาห์ล่าสุดเป็นเท่าไร?","ตอบจาก dashboard วิเคราะห์ (simsat) ของ ""โครงการส่งน้ำและบำรุงรักษาสุโขทัย"" — สัปดาห์ล่าสุด (2026-05-11 ถึง 2026-05-17) — โดยรายงานพื้นที่ข้าว = <ตัวเลข> ไร่ — อ้างอิง farmplot_batch_id 10fabd4d-633b-4448-bc25-4dc3aa4cdee8 — ยืนยันหน่วยให้ตรงกับคำถาม และสรุปสั้นกระชับ — (ต้องมีคำว่า: แปลง)",มีชื่อโครงการ/ชื่อพื้นที่ (plot_name) ที่ถูกถามในคำตอบ|มีตัวเลขพร้อมหน่วย ไร่|ระบุว่าเป็นสัปดาห์ล่าสุดหรือสัปดาห์ก่อน และช่วงวันที่ที่อ้างอิง,specific
51,"พื้นที่มันสำปะหลัง (ไร่) ของ""โครงการส่งน้ำและบำรุงรักษาวังบัว"" สัปดาห์ก่อนเป็นเท่าไร?","ตอบจาก dashboard วิเคราะห์ (simsat) ของ ""โครงการส่งน้ำและบำรุงรักษาวังบัว"" — สัปดาห์ก่อน (2026-05-04 ถึง 2026-05-10) — โดยรายงานพื้นที่มันสำปะหลัง = <ตัวเลข> ไร่ — อ้างอิง farmplot_batch_id a1b187ac-b5f4-4ced-8591-b4b3cc09d63a — ยืนยันหน่วยให้ตรงกับคำถาม และสรุปสั้นกระชับ — (ต้องมีคำว่า: แปลง)",มีชื่อโครงการ/ชื่อพื้นที่ (plot_name) ที่ถูกถามในคำตอบ|มีตัวเลขพร้อมหน่วย ไร่|ระบุว่าเป็นสัปดาห์ล่าสุดหรือสัปดาห์ก่อน และช่วงวันที่ที่อ้างอิง,specific
52,Top 3 โครงการ/พื้นที่ที่พื้นที่ตามข้อมูล RIDสูงสุด สัปดาห์ก่อน คืออะไร และมีค่าเท่าไร (ไร่)?,"ควรสรุปจาก dashboard วิเคราะห์ (simsat) สัปดาห์ก่อน (2026-05-04 ถึง 2026-05-10) โดยสรุปอย่างน้อย Top 3 โครงการ/พื้นที่ที่เกี่ยวข้องกับ ""พื้นที่ตามข้อมูล RID"" พร้อมค่า <ตัวเลข> ไร่ ชื่อโครงการ/พื้นที่ และไม่ถามย้อนกลับให้ผู้ใช้ระบุ id เพิ่ม — (ต้องมีคำว่า: แปลง)",สรุปผลแบบเปรียบเทียบ/จัดอันดับ (เช่น Top 3) ไม่ใช่ถามย้อนกลับ|มีตัวเลขพร้อมหน่วย ไร่|มีชื่อโครงการ/พื้นที่อย่างน้อย 3 รายการ และระบุว่าเป็นสัปดาห์ล่าสุดหรือสัปดาห์ก่อน,aggregate
53,"พื้นที่ตามข้อมูล RID (ไร่) ของ""โครงการส่งน้ำและบำรุงรักษาแม่ยม"" สัปดาห์ก่อนเป็นเท่าไร?","ตอบจาก dashboard วิเคราะห์ (simsat) ของ ""โครงการส่งน้ำและบำรุงรักษาแม่ยม"" — สัปดาห์ก่อน (2026-05-04 ถึง 2026-05-10) — โดยรายงานพื้นที่ตามข้อมูล RID = <ตัวเลข> ไร่ — อ้างอิง farmplot_batch_id bce73258-fa11-4827-ba5d-937c3b471a12 — ยืนยันหน่วยให้ตรงกับคำถาม และสรุปสั้นกระชับ — (ต้องมีคำว่า: แปลง)",มีชื่อโครงการ/ชื่อพื้นที่ (plot_name) ที่ถูกถามในคำตอบ|มีตัวเลขพร้อมหน่วย ไร่|ระบุว่าเป็นสัปดาห์ล่าสุดหรือสัปดาห์ก่อน และช่วงวันที่ที่อ้างอิง,specific
54,"พื้นที่ตามข้อมูล RID (ไร่) ของ""โครงการชลประทานตาก"" สัปดาห์ล่าสุดเป็นเท่าไร?","ตอบจาก dashboard วิเคราะห์ (simsat) ของ ""โครงการชลประทานตาก"" — สัปดาห์ล่าสุด (2026-05-11 ถึง 2026-05-17) — โดยรายงานพื้นที่ตามข้อมูล RID = <ตัวเลข> ไร่ — อ้างอิง farmplot_batch_id a0292383-4653-4d0c-b8f0-cf1ddd5f3bb1 — ยืนยันหน่วยให้ตรงกับคำถาม และสรุปสั้นกระชับ — (ต้องมีคำว่า: แปลง)",มีชื่อโครงการ/ชื่อพื้นที่ (plot_name) ที่ถูกถามในคำตอบ|มีตัวเลขพร้อมหน่วย ไร่|ระบุว่าเป็นสัปดาห์ล่าสุดหรือสัปดาห์ก่อน และช่วงวันที่ที่อ้างอิง,specific
55,Top 3 โครงการ/พื้นที่ที่พื้นที่ตามข้อมูล LDDสูงสุด สัปดาห์ล่าสุด คืออะไร และมีค่าเท่าไร (ไร่)?,"ควรสรุปจาก dashboard วิเคราะห์ (simsat) สัปดาห์ล่าสุด (2026-05-11 ถึง 2026-05-17) โดยสรุปอย่างน้อย Top 3 โครงการ/พื้นที่ที่เกี่ยวข้องกับ ""พื้นที่ตามข้อมูล LDD"" พร้อมค่า <ตัวเลข> ไร่ ชื่อโครงการ/พื้นที่ และไม่ถามย้อนกลับให้ผู้ใช้ระบุ id เพิ่ม — (ต้องมีคำว่า: แปลง)",สรุปผลแบบเปรียบเทียบ/จัดอันดับ (เช่น Top 3) ไม่ใช่ถามย้อนกลับ|มีตัวเลขพร้อมหน่วย ไร่|มีชื่อโครงการ/พื้นที่อย่างน้อย 3 รายการ และระบุว่าเป็นสัปดาห์ล่าสุดหรือสัปดาห์ก่อน,aggregate
56,พื้นที่ข้าว (ไร่) ภาพรวมทั้งพื้นที่ สชป.4 สัปดาห์ก่อนเป็นเท่าไร?,"ควรสรุปจาก dashboard วิเคราะห์ (simsat) สัปดาห์ก่อน (2026-05-04 ถึง 2026-05-10) โดยสรุปอย่างน้อย Top 3 โครงการ/พื้นที่ที่เกี่ยวข้องกับ ""พื้นที่ข้าว"" พร้อมค่า <ตัวเลข> ไร่ ชื่อโครงการ/พื้นที่ และไม่ถามย้อนกลับให้ผู้ใช้ระบุ id เพิ่ม — (ต้องมีคำว่า: แปลง)",สรุปผลแบบเปรียบเทียบ/จัดอันดับ (เช่น Top 3) ไม่ใช่ถามย้อนกลับ|มีตัวเลขพร้อมหน่วย ไร่|มีชื่อโครงการ/พื้นที่อย่างน้อย 3 รายการ และระบุว่าเป็นสัปดาห์ล่าสุดหรือสัปดาห์ก่อน,aggregate
57,"พื้นที่ตามข้อมูล LDD (ไร่) ของ""โครงการชลประทานตาก"" สัปดาห์ก่อนเป็นเท่าไร?","ตอบจาก dashboard วิเคราะห์ (simsat) ของ ""โครงการชลประทานตาก"" — สัปดาห์ก่อน (2026-05-04 ถึง 2026-05-10) — โดยรายงานพื้นที่ตามข้อมูล LDD = <ตัวเลข> ไร่ — อ้างอิง farmplot_batch_id a0292383-4653-4d0c-b8f0-cf1ddd5f3bb1 — ยืนยันหน่วยให้ตรงกับคำถาม และสรุปสั้นกระชับ — (ต้องมีคำว่า: แปลง)",มีชื่อโครงการ/ชื่อพื้นที่ (plot_name) ที่ถูกถามในคำตอบ|มีตัวเลขพร้อมหน่วย ไร่|ระบุว่าเป็นสัปดาห์ล่าสุดหรือสัปดาห์ก่อน และช่วงวันที่ที่อ้างอิง,specific
58,"พื้นที่ข้าว (ไร่) ของ""โครงการชลประทานกำแพงเพชร"" สัปดาห์ก่อน เทียบกับสัปดาห์ล่าสุดต่างกันเท่าไร?","ควรตอบจาก dashboard วิเคราะห์ (simsat) ของ ""โครงการชลประทานกำแพงเพชร"" โดยให้ค่าพื้นที่ข้าว สัปดาห์ก่อน (2026-05-04 ถึง 2026-05-10) = <ตัวเลข> ไร่ และสัปดาห์ล่าสุด (2026-05-11 ถึง 2026-05-17) = <ตัวเลข> ไร่ พร้อมสรุปว่าเพิ่ม/ลดเท่าไร (หน่วย ไร่) — (ต้องมีคำว่า: แปลง)",มีชื่อโครงการ/ชื่อพื้นที่ (plot_name) ที่ถูกถามในคำตอบ|มีตัวเลขพร้อมหน่วย ไร่|ระบุว่าเป็นสัปดาห์ล่าสุดหรือสัปดาห์ก่อน และช่วงวันที่ที่อ้างอิง,specific
59,"พื้นที่ข้าวโพด (ไร่) ของ""โครงการส่งน้ำและบำรุงรักษาวังบัว"" สัปดาห์ล่าสุดเป็นเท่าไร?","ตอบจาก dashboard วิเคราะห์ (simsat) ของ ""โครงการส่งน้ำและบำรุงรักษาวังบัว"" — สัปดาห์ล่าสุด (2026-05-11 ถึง 2026-05-17) — โดยรายงานพื้นที่ข้าวโพด = <ตัวเลข> ไร่ — อ้างอิง farmplot_batch_id a1b187ac-b5f4-4ced-8591-b4b3cc09d63a — ยืนยันหน่วยให้ตรงกับคำถาม และสรุปสั้นกระชับ — (ต้องมีคำว่า: แปลง)",มีชื่อโครงการ/ชื่อพื้นที่ (plot_name) ที่ถูกถามในคำตอบ|มีตัวเลขพร้อมหน่วย ไร่|ระบุว่าเป็นสัปดาห์ล่าสุดหรือสัปดาห์ก่อน และช่วงวันที่ที่อ้างอิง,specific
60,"ปริมาณการใช้น้ำรวม 4 ประเภททั้งหมด - 7 วันข้างหน้า (ลบ.ม./วินาที) ของ""โครงการส่งน้ำและบำรุงรักษาท่อทองแดง"" สัปดาห์ล่าสุดเป็นเท่าไร?","ตอบจาก dashboard วิเคราะห์ (simsat) ของ ""โครงการส่งน้ำและบำรุงรักษาท่อทองแดง"" — สัปดาห์ล่าสุด (2026-05-11 ถึง 2026-05-17) — โดยรายงานปริมาณการใช้น้ำรวม 4 ประเภททั้งหมด - 7 วันข้างหน้า = <ตัวเลข> ลบ.ม./วินาที — อ้างอิง farmplot_batch_id b6e7bd3b-f170-4408-bbec-e8ee54e3d382 — ยืนยันหน่วยให้ตรงกับคำถาม และสรุปสั้นกระชับ — (ต้องมีคำว่า: พยากรณ์)",มีชื่อโครงการ/ชื่อพื้นที่ (plot_name) ที่ถูกถามในคำตอบ|มีตัวเลขพร้อมหน่วย ลบ.ม./วินาที|ระบุว่าเป็นสัปดาห์ล่าสุดหรือสัปดาห์ก่อน และช่วงวันที่ที่อ้างอิง,specific
61,Top 3 โครงการ/พื้นที่ที่ปริมาณการใช้น้ำรวม 4 ประเภททั้งหมด - รวมประสิทธิภาพชลประทานสูงสุด สัปดาห์ก่อน คืออะไร และมีค่าเท่าไร (ลบ.ม./วินาที)?,"ควรสรุปจาก dashboard วิเคราะห์ (simsat) สัปดาห์ก่อน (2026-05-04 ถึง 2026-05-10) โดยสรุปอย่างน้อย Top 3 โครงการ/พื้นที่ที่เกี่ยวข้องกับ ""ปริมาณการใช้น้ำรวม 4 ประเภททั้งหมด - รวมประสิทธิภาพชลประทาน"" พร้อมค่า <ตัวเลข> ลบ.ม./วินาที ชื่อโครงการ/พื้นที่ และไม่ถามย้อนกลับให้ผู้ใช้ระบุ id เพิ่ม",สรุปผลแบบเปรียบเทียบ/จัดอันดับ (เช่น Top 3) ไม่ใช่ถามย้อนกลับ|มีตัวเลขพร้อมหน่วย ลบ.ม./วินาที|มีชื่อโครงการ/พื้นที่อย่างน้อย 3 รายการ และระบุว่าเป็นสัปดาห์ล่าสุดหรือสัปดาห์ก่อน,aggregate
62,"พื้นที่อ้อย (ไร่) ของ""โครงการส่งน้ำและบำรุงรักษาสุโขทัย"" สัปดาห์ก่อน เทียบกับสัปดาห์ล่าสุดต่างกันเท่าไร?","ควรตอบจาก dashboard วิเคราะห์ (simsat) ของ ""โครงการส่งน้ำและบำรุงรักษาสุโขทัย"" โดยให้ค่าพื้นที่อ้อย สัปดาห์ก่อน (2026-05-04 ถึง 2026-05-10) = <ตัวเลข> ไร่ และสัปดาห์ล่าสุด (2026-05-11 ถึง 2026-05-17) = <ตัวเลข> ไร่ พร้อมสรุปว่าเพิ่ม/ลดเท่าไร (หน่วย ไร่) — (ต้องมีคำว่า: แปลง)",มีชื่อโครงการ/ชื่อพื้นที่ (plot_name) ที่ถูกถามในคำตอบ|มีตัวเลขพร้อมหน่วย ไร่|ระบุว่าเป็นสัปดาห์ล่าสุดหรือสัปดาห์ก่อน และช่วงวันที่ที่อ้างอิง,specific
63,"ปริมาณการใช้น้ำรวม 4 ประเภททั้งหมด - 7 วันข้างหน้า (ลบ.ม./วินาที) ของ""โครงการชลประทานตาก"" สัปดาห์ล่าสุดเป็นเท่าไร?","ตอบจาก dashboard วิเคราะห์ (simsat) ของ ""โครงการชลประทานตาก"" — สัปดาห์ล่าสุด (2026-05-11 ถึง 2026-05-17) — โดยรายงานปริมาณการใช้น้ำรวม 4 ประเภททั้งหมด - 7 วันข้างหน้า = <ตัวเลข> ลบ.ม./วินาที — อ้างอิง farmplot_batch_id a0292383-4653-4d0c-b8f0-cf1ddd5f3bb1 — ยืนยันหน่วยให้ตรงกับคำถาม และสรุปสั้นกระชับ — (ต้องมีคำว่า: พยากรณ์)",มีชื่อโครงการ/ชื่อพื้นที่ (plot_name) ที่ถูกถามในคำตอบ|มีตัวเลขพร้อมหน่วย ลบ.ม./วินาที|ระบุว่าเป็นสัปดาห์ล่าสุดหรือสัปดาห์ก่อน และช่วงวันที่ที่อ้างอิง,specific
64,"พื้นที่อ้อย (ไร่) ของ""rid4"" สัปดาห์ล่าสุดเป็นเท่าไร?","ตอบจาก dashboard วิเคราะห์ (simsat) ของ ""rid4"" — สัปดาห์ล่าสุด (2026-05-11 ถึง 2026-05-17) — โดยรายงานพื้นที่อ้อย = <ตัวเลข> ไร่ — อ้างอิง farmplot_batch_id 5c388852-6015-4cf6-8714-3c435b8ae317 — ยืนยันหน่วยให้ตรงกับคำถาม และสรุปสั้นกระชับ — (ต้องมีคำว่า: แปลง)",มีชื่อโครงการ/ชื่อพื้นที่ (plot_name) ที่ถูกถามในคำตอบ|มีตัวเลขพร้อมหน่วย ไร่|ระบุว่าเป็นสัปดาห์ล่าสุดหรือสัปดาห์ก่อน และช่วงวันที่ที่อ้างอิง,specific
65,"พื้นที่ที่ใช้ในการวิเคราะห์ (ไร่) ของ""โครงการส่งน้ำและบำรุงรักษาแม่ยม"" สัปดาห์ก่อน เทียบกับสัปดาห์ล่าสุดต่างกันเท่าไร?","ควรตอบจาก dashboard วิเคราะห์ (simsat) ของ ""โครงการส่งน้ำและบำรุงรักษาแม่ยม"" โดยให้ค่าพื้นที่ที่ใช้ในการวิเคราะห์ สัปดาห์ก่อน (2026-05-04 ถึง 2026-05-10) = <ตัวเลข> ไร่ และสัปดาห์ล่าสุด (2026-05-11 ถึง 2026-05-17) = <ตัวเลข> ไร่ พร้อมสรุปว่าเพิ่ม/ลดเท่าไร (หน่วย ไร่) — (ต้องมีคำว่า: แปลง)",มีชื่อโครงการ/ชื่อพื้นที่ (plot_name) ที่ถูกถามในคำตอบ|มีตัวเลขพร้อมหน่วย ไร่|ระบุว่าเป็นสัปดาห์ล่าสุดหรือสัปดาห์ก่อน และช่วงวันที่ที่อ้างอิง,specific
66,"ปริมาณการใช้น้ำรวม 4 ประเภททั้งหมด - รวมประสิทธิภาพชลประทาน (ลบ.ม./วินาที) ของ""rid4"" สัปดาห์ก่อนเป็นเท่าไร?","ตอบจาก dashboard วิเคราะห์ (simsat) ของ ""rid4"" — สัปดาห์ก่อน (2026-05-04 ถึง 2026-05-10) — โดยรายงานปริมาณการใช้น้ำรวม 4 ประเภททั้งหมด - รวมประสิทธิภาพชลประทาน = <ตัวเลข> ลบ.ม./วินาที — อ้างอิง farmplot_batch_id 5c388852-6015-4cf6-8714-3c435b8ae317 — ยืนยันหน่วยให้ตรงกับคำถาม และสรุปสั้นกระชับ",มีชื่อโครงการ/ชื่อพื้นที่ (plot_name) ที่ถูกถามในคำตอบ|มีตัวเลขพร้อมหน่วย ลบ.ม./วินาที|ระบุว่าเป็นสัปดาห์ล่าสุดหรือสัปดาห์ก่อน และช่วงวันที่ที่อ้างอิง,specific
67,"พื้นที่ตามข้อมูล RID (ไร่) ของ""โครงการส่งน้ำและบำรุงรักษาท่อทองแดง"" สัปดาห์ล่าสุดเป็นเท่าไร?","ตอบจาก dashboard วิเคราะห์ (simsat) ของ ""โครงการส่งน้ำและบำรุงรักษาท่อทองแดง"" — สัปดาห์ล่าสุด (2026-05-11 ถึง 2026-05-17) — โดยรายงานพื้นที่ตามข้อมูล RID = <ตัวเลข> ไร่ — อ้างอิง farmplot_batch_id b6e7bd3b-f170-4408-bbec-e8ee54e3d382 — ยืนยันหน่วยให้ตรงกับคำถาม และสรุปสั้นกระชับ — (ต้องมีคำว่า: แปลง)",มีชื่อโครงการ/ชื่อพื้นที่ (plot_name) ที่ถูกถามในคำตอบ|มีตัวเลขพร้อมหน่วย ไร่|ระบุว่าเป็นสัปดาห์ล่าสุดหรือสัปดาห์ก่อน และช่วงวันที่ที่อ้างอิง,specific
68,"พื้นที่ข้าว (ไร่) ของ""rid4"" สัปดาห์ล่าสุดเป็นเท่าไร?","ตอบจาก dashboard วิเคราะห์ (simsat) ของ ""rid4"" — สัปดาห์ล่าสุด (2026-05-11 ถึง 2026-05-17) — โดยรายงานพื้นที่ข้าว = <ตัวเลข> ไร่ — อ้างอิง farmplot_batch_id 5c388852-6015-4cf6-8714-3c435b8ae317 — ยืนยันหน่วยให้ตรงกับคำถาม และสรุปสั้นกระชับ — (ต้องมีคำว่า: แปลง)",มีชื่อโครงการ/ชื่อพื้นที่ (plot_name) ที่ถูกถามในคำตอบ|มีตัวเลขพร้อมหน่วย ไร่|ระบุว่าเป็นสัปดาห์ล่าสุดหรือสัปดาห์ก่อน และช่วงวันที่ที่อ้างอิง,specific
69,"พื้นที่อ้อย (ไร่) ของ""โครงการส่งน้ำและบำรุงรักษาวังบัว"" สัปดาห์ก่อน เทียบกับสัปดาห์ล่าสุดต่างกันเท่าไร?","ควรตอบจาก dashboard วิเคราะห์ (simsat) ของ ""โครงการส่งน้ำและบำรุงรักษาวังบัว"" โดยให้ค่าพื้นที่อ้อย สัปดาห์ก่อน (2026-05-04 ถึง 2026-05-10) = <ตัวเลข> ไร่ และสัปดาห์ล่าสุด (2026-05-11 ถึง 2026-05-17) = <ตัวเลข> ไร่ พร้อมสรุปว่าเพิ่ม/ลดเท่าไร (หน่วย ไร่) — (ต้องมีคำว่า: แปลง)",มีชื่อโครงการ/ชื่อพื้นที่ (plot_name) ที่ถูกถามในคำตอบ|มีตัวเลขพร้อมหน่วย ไร่|ระบุว่าเป็นสัปดาห์ล่าสุดหรือสัปดาห์ก่อน และช่วงวันที่ที่อ้างอิง,specific
70,Top 3 โครงการ/พื้นที่ที่พื้นที่อ้อยสูงสุด สัปดาห์ก่อน คืออะไร และมีค่าเท่าไร (ไร่)?,"ควรสรุปจาก dashboard วิเคราะห์ (simsat) สัปดาห์ก่อน (2026-05-04 ถึง 2026-05-10) โดยสรุปอย่างน้อย Top 3 โครงการ/พื้นที่ที่เกี่ยวข้องกับ ""พื้นที่อ้อย"" พร้อมค่า <ตัวเลข> ไร่ ชื่อโครงการ/พื้นที่ และไม่ถามย้อนกลับให้ผู้ใช้ระบุ id เพิ่ม — (ต้องมีคำว่า: แปลง)",สรุปผลแบบเปรียบเทียบ/จัดอันดับ (เช่น Top 3) ไม่ใช่ถามย้อนกลับ|มีตัวเลขพร้อมหน่วย ไร่|มีชื่อโครงการ/พื้นที่อย่างน้อย 3 รายการ และระบุว่าเป็นสัปดาห์ล่าสุดหรือสัปดาห์ก่อน,aggregate
71,"พื้นที่มันสำปะหลัง (ไร่) ของ""โครงการส่งน้ำและบำรุงรักษาสุโขทัย"" สัปดาห์ก่อนเป็นเท่าไร (อ้างอิง id 10fabd4d-633b-4448-bc25-4dc3aa4cdee8)?","ตอบจาก dashboard วิเคราะห์ (simsat) ของ ""โครงการส่งน้ำและบำรุงรักษาสุโขทัย"" — สัปดาห์ก่อน (2026-05-04 ถึง 2026-05-10) — โดยรายงานพื้นที่มันสำปะหลัง = <ตัวเลข> ไร่ — อ้างอิง farmplot_batch_id 10fabd4d-633b-4448-bc25-4dc3aa4cdee8 — ยืนยันหน่วยให้ตรงกับคำถาม และสรุปสั้นกระชับ — (ต้องมีคำว่า: แปลง)",มีชื่อโครงการ/ชื่อพื้นที่ (plot_name) ที่ถูกถามในคำตอบ|มีตัวเลขพร้อมหน่วย ไร่|ระบุว่าเป็นสัปดาห์ล่าสุดหรือสัปดาห์ก่อน และช่วงวันที่ที่อ้างอิง,specific
72,"พื้นที่อ้อย (ไร่) ของ""rid4"" สัปดาห์ก่อน เทียบกับสัปดาห์ล่าสุดต่างกันเท่าไร?","ควรตอบจาก dashboard วิเคราะห์ (simsat) ของ ""rid4"" โดยให้ค่าพื้นที่อ้อย สัปดาห์ก่อน (2026-05-04 ถึง 2026-05-10) = <ตัวเลข> ไร่ และสัปดาห์ล่าสุด (2026-05-11 ถึง 2026-05-17) = <ตัวเลข> ไร่ พร้อมสรุปว่าเพิ่ม/ลดเท่าไร (หน่วย ไร่) — (ต้องมีคำว่า: แปลง)",มีชื่อโครงการ/ชื่อพื้นที่ (plot_name) ที่ถูกถามในคำตอบ|มีตัวเลขพร้อมหน่วย ไร่|ระบุว่าเป็นสัปดาห์ล่าสุดหรือสัปดาห์ก่อน และช่วงวันที่ที่อ้างอิง,specific
73,"พื้นที่มันสำปะหลัง (ไร่) ของ""โครงการชลประทานแพร่"" สัปดาห์ก่อน เทียบกับสัปดาห์ล่าสุดต่างกันเท่าไร?","ควรตอบจาก dashboard วิเคราะห์ (simsat) ของ ""โครงการชลประทานแพร่"" โดยให้ค่าพื้นที่มันสำปะหลัง สัปดาห์ก่อน (2026-05-04 ถึง 2026-05-10) = <ตัวเลข> ไร่ และสัปดาห์ล่าสุด (2026-05-11 ถึง 2026-05-17) = <ตัวเลข> ไร่ พร้อมสรุปว่าเพิ่ม/ลดเท่าไร (หน่วย ไร่) — (ต้องมีคำว่า: แปลง)",มีชื่อโครงการ/ชื่อพื้นที่ (plot_name) ที่ถูกถามในคำตอบ|มีตัวเลขพร้อมหน่วย ไร่|ระบุว่าเป็นสัปดาห์ล่าสุดหรือสัปดาห์ก่อน และช่วงวันที่ที่อ้างอิง,specific
74,Top 3 โครงการ/พื้นที่ที่พื้นที่อ้อยสูงสุด สัปดาห์ก่อน คืออะไร และมีค่าเท่าไร (ไร่)?,"ควรสรุปจาก dashboard วิเคราะห์ (simsat) สัปดาห์ก่อน (2026-05-04 ถึง 2026-05-10) โดยสรุปอย่างน้อย Top 3 โครงการ/พื้นที่ที่เกี่ยวข้องกับ ""พื้นที่อ้อย"" พร้อมค่า <ตัวเลข> ไร่ ชื่อโครงการ/พื้นที่ และไม่ถามย้อนกลับให้ผู้ใช้ระบุ id เพิ่ม — (ต้องมีคำว่า: แปลง)",สรุปผลแบบเปรียบเทียบ/จัดอันดับ (เช่น Top 3) ไม่ใช่ถามย้อนกลับ|มีตัวเลขพร้อมหน่วย ไร่|มีชื่อโครงการ/พื้นที่อย่างน้อย 3 รายการ และระบุว่าเป็นสัปดาห์ล่าสุดหรือสัปดาห์ก่อน,aggregate
75,Top 3 โครงการ/พื้นที่ที่พื้นที่ที่ใช้ในการวิเคราะห์สูงสุด สัปดาห์ก่อน คืออะไร และมีค่าเท่าไร (ไร่)?,"ควรสรุปจาก dashboard วิเคราะห์ (simsat) สัปดาห์ก่อน (2026-05-04 ถึง 2026-05-10) โดยสรุปอย่างน้อย Top 3 โครงการ/พื้นที่ที่เกี่ยวข้องกับ ""พื้นที่ที่ใช้ในการวิเคราะห์"" พร้อมค่า <ตัวเลข> ไร่ ชื่อโครงการ/พื้นที่ และไม่ถามย้อนกลับให้ผู้ใช้ระบุ id เพิ่ม — (ต้องมีคำว่า: แปลง)",สรุปผลแบบเปรียบเทียบ/จัดอันดับ (เช่น Top 3) ไม่ใช่ถามย้อนกลับ|มีตัวเลขพร้อมหน่วย ไร่|มีชื่อโครงการ/พื้นที่อย่างน้อย 3 รายการ และระบุว่าเป็นสัปดาห์ล่าสุดหรือสัปดาห์ก่อน,aggregate
76,"ปริมาณการใช้น้ำรวม 4 ประเภททั้งหมด - 14 วันข้างหน้า (ลบ.ม./วินาที) ของ""โครงการชลประทานตาก"" สัปดาห์ก่อน เทียบกับสัปดาห์ล่าสุดต่างกันเท่าไร (อ้างอิง id a0292383-4653-4d0c-b8f0-cf1ddd5f3bb1)?","ควรตอบจาก dashboard วิเคราะห์ (simsat) ของ ""โครงการชลประทานตาก"" โดยให้ค่าปริมาณการใช้น้ำรวม 4 ประเภททั้งหมด - 14 วันข้างหน้า สัปดาห์ก่อน (2026-05-04 ถึง 2026-05-10) = <ตัวเลข> ลบ.ม./วินาที และสัปดาห์ล่าสุด (2026-05-11 ถึง 2026-05-17) = <ตัวเลข> ลบ.ม./วินาที พร้อมสรุปว่าเพิ่ม/ลดเท่าไร (หน่วย ลบ.ม./วินาที) — (ต้องมีคำว่า: พยากรณ์)",มีชื่อโครงการ/ชื่อพื้นที่ (plot_name) ที่ถูกถามในคำตอบ|มีตัวเลขพร้อมหน่วย ลบ.ม./วินาที|ระบุว่าเป็นสัปดาห์ล่าสุดหรือสัปดาห์ก่อน และช่วงวันที่ที่อ้างอิง,specific
77,Top 3 โครงการ/พื้นที่ที่ปริมาณการใช้น้ำรวม 4 ประเภททั้งหมด - รวมประสิทธิภาพชลประทานสูงสุด สัปดาห์ก่อน คืออะไร และมีค่าเท่าไร (ลบ.ม./วินาที)?,"ควรสรุปจาก dashboard วิเคราะห์ (simsat) สัปดาห์ก่อน (2026-05-04 ถึง 2026-05-10) โดยสรุปอย่างน้อย Top 3 โครงการ/พื้นที่ที่เกี่ยวข้องกับ ""ปริมาณการใช้น้ำรวม 4 ประเภททั้งหมด - รวมประสิทธิภาพชลประทาน"" พร้อมค่า <ตัวเลข> ลบ.ม./วินาที ชื่อโครงการ/พื้นที่ และไม่ถามย้อนกลับให้ผู้ใช้ระบุ id เพิ่ม",สรุปผลแบบเปรียบเทียบ/จัดอันดับ (เช่น Top 3) ไม่ใช่ถามย้อนกลับ|มีตัวเลขพร้อมหน่วย ลบ.ม./วินาที|มีชื่อโครงการ/พื้นที่อย่างน้อย 3 รายการ และระบุว่าเป็นสัปดาห์ล่าสุดหรือสัปดาห์ก่อน,aggregate
78,"พื้นที่ตามข้อมูล RID (ไร่) ของ""โครงการส่งน้ำและบำรุงรักษาวังบัว"" สัปดาห์ก่อนเป็นเท่าไร?","ตอบจาก dashboard วิเคราะห์ (simsat) ของ ""โครงการส่งน้ำและบำรุงรักษาวังบัว"" — สัปดาห์ก่อน (2026-05-04 ถึง 2026-05-10) — โดยรายงานพื้นที่ตามข้อมูล RID = <ตัวเลข> ไร่ — อ้างอิง farmplot_batch_id a1b187ac-b5f4-4ced-8591-b4b3cc09d63a — ยืนยันหน่วยให้ตรงกับคำถาม และสรุปสั้นกระชับ — (ต้องมีคำว่า: แปลง)",มีชื่อโครงการ/ชื่อพื้นที่ (plot_name) ที่ถูกถามในคำตอบ|มีตัวเลขพร้อมหน่วย ไร่|ระบุว่าเป็นสัปดาห์ล่าสุดหรือสัปดาห์ก่อน และช่วงวันที่ที่อ้างอิง,specific
79,Top 3 โครงการ/พื้นที่ที่พื้นที่ข้าวโพดสูงสุด สัปดาห์ก่อน คืออะไร และมีค่าเท่าไร (ไร่)?,"ควรสรุปจาก dashboard วิเคราะห์ (simsat) สัปดาห์ก่อน (2026-05-04 ถึง 2026-05-10) โดยสรุปอย่างน้อย Top 3 โครงการ/พื้นที่ที่เกี่ยวข้องกับ ""พื้นที่ข้าวโพด"" พร้อมค่า <ตัวเลข> ไร่ ชื่อโครงการ/พื้นที่ และไม่ถามย้อนกลับให้ผู้ใช้ระบุ id เพิ่ม — (ต้องมีคำว่า: แปลง)",สรุปผลแบบเปรียบเทียบ/จัดอันดับ (เช่น Top 3) ไม่ใช่ถามย้อนกลับ|มีตัวเลขพร้อมหน่วย ไร่|มีชื่อโครงการ/พื้นที่อย่างน้อย 3 รายการ และระบุว่าเป็นสัปดาห์ล่าสุดหรือสัปดาห์ก่อน,aggregate
80,"พื้นที่ข้าวโพด (ไร่) ของ""โครงการชลประทานตาก"" สัปดาห์ล่าสุดเป็นเท่าไร?","ตอบจาก dashboard วิเคราะห์ (simsat) ของ ""โครงการชลประทานตาก"" — สัปดาห์ล่าสุด (2026-05-11 ถึง 2026-05-17) — โดยรายงานพื้นที่ข้าวโพด = <ตัวเลข> ไร่ — อ้างอิง farmplot_batch_id a0292383-4653-4d0c-b8f0-cf1ddd5f3bb1 — ยืนยันหน่วยให้ตรงกับคำถาม และสรุปสั้นกระชับ — (ต้องมีคำว่า: แปลง)",มีชื่อโครงการ/ชื่อพื้นที่ (plot_name) ที่ถูกถามในคำตอบ|มีตัวเลขพร้อมหน่วย ไร่|ระบุว่าเป็นสัปดาห์ล่าสุดหรือสัปดาห์ก่อน และช่วงวันที่ที่อ้างอิง,specific
81,"พื้นที่อ้อย (ไร่) ของ""โครงการส่งน้ำและบำรุงรักษาแม่ยม"" สัปดาห์ก่อน เทียบกับสัปดาห์ล่าสุดต่างกันเท่าไร (อ้างอิง id bce73258-fa11-4827-ba5d-937c3b471a12)?","ควรตอบจาก dashboard วิเคราะห์ (simsat) ของ ""โครงการส่งน้ำและบำรุงรักษาแม่ยม"" โดยให้ค่าพื้นที่อ้อย สัปดาห์ก่อน (2026-05-04 ถึง 2026-05-10) = <ตัวเลข> ไร่ และสัปดาห์ล่าสุด (2026-05-11 ถึง 2026-05-17) = <ตัวเลข> ไร่ พร้อมสรุปว่าเพิ่ม/ลดเท่าไร (หน่วย ไร่) — (ต้องมีคำว่า: แปลง)",มีชื่อโครงการ/ชื่อพื้นที่ (plot_name) ที่ถูกถามในคำตอบ|มีตัวเลขพร้อมหน่วย ไร่|ระบุว่าเป็นสัปดาห์ล่าสุดหรือสัปดาห์ก่อน และช่วงวันที่ที่อ้างอิง,specific
82,"พื้นที่ข้าวโพด (ไร่) ของ""โครงการส่งน้ำและบำรุงรักษาวังบัว"" สัปดาห์ล่าสุดเป็นเท่าไร?","ตอบจาก dashboard วิเคราะห์ (simsat) ของ ""โครงการส่งน้ำและบำรุงรักษาวังบัว"" — สัปดาห์ล่าสุด (2026-05-11 ถึง 2026-05-17) — โดยรายงานพื้นที่ข้าวโพด = <ตัวเลข> ไร่ — อ้างอิง farmplot_batch_id a1b187ac-b5f4-4ced-8591-b4b3cc09d63a — ยืนยันหน่วยให้ตรงกับคำถาม และสรุปสั้นกระชับ — (ต้องมีคำว่า: แปลง)",มีชื่อโครงการ/ชื่อพื้นที่ (plot_name) ที่ถูกถามในคำตอบ|มีตัวเลขพร้อมหน่วย ไร่|ระบุว่าเป็นสัปดาห์ล่าสุดหรือสัปดาห์ก่อน และช่วงวันที่ที่อ้างอิง,specific
83,Top 3 โครงการ/พื้นที่ที่ปริมาณการใช้น้ำรวม 4 ประเภททั้งหมด - 7 วันข้างหน้าสูงสุด สัปดาห์ล่าสุด คืออะไร และมีค่าเท่าไร (ลบ.ม./วินาที)?,"ควรสรุปจาก dashboard วิเคราะห์ (simsat) สัปดาห์ล่าสุด (2026-05-11 ถึง 2026-05-17) โดยสรุปอย่างน้อย Top 3 โครงการ/พื้นที่ที่เกี่ยวข้องกับ ""ปริมาณการใช้น้ำรวม 4 ประเภททั้งหมด - 7 วันข้างหน้า"" พร้อมค่า <ตัวเลข> ลบ.ม./วินาที ชื่อโครงการ/พื้นที่ และไม่ถามย้อนกลับให้ผู้ใช้ระบุ id เพิ่ม — (ต้องมีคำว่า: พยากรณ์)",สรุปผลแบบเปรียบเทียบ/จัดอันดับ (เช่น Top 3) ไม่ใช่ถามย้อนกลับ|มีตัวเลขพร้อมหน่วย ลบ.ม./วินาที|มีชื่อโครงการ/พื้นที่อย่างน้อย 3 รายการ และระบุว่าเป็นสัปดาห์ล่าสุดหรือสัปดาห์ก่อน,aggregate
84,"พื้นที่ข้าวโพด (ไร่) ของ""โครงการชลประทานตาก"" สัปดาห์ก่อนเป็นเท่าไร?","ตอบจาก dashboard วิเคราะห์ (simsat) ของ ""โครงการชลประทานตาก"" — สัปดาห์ก่อน (2026-05-04 ถึง 2026-05-10) — โดยรายงานพื้นที่ข้าวโพด = <ตัวเลข> ไร่ — อ้างอิง farmplot_batch_id a0292383-4653-4d0c-b8f0-cf1ddd5f3bb1 — ยืนยันหน่วยให้ตรงกับคำถาม และสรุปสั้นกระชับ — (ต้องมีคำว่า: แปลง)",มีชื่อโครงการ/ชื่อพื้นที่ (plot_name) ที่ถูกถามในคำตอบ|มีตัวเลขพร้อมหน่วย ไร่|ระบุว่าเป็นสัปดาห์ล่าสุดหรือสัปดาห์ก่อน และช่วงวันที่ที่อ้างอิง,specific
85,Top 3 โครงการ/พื้นที่ที่พื้นที่อ้อยสูงสุด สัปดาห์ล่าสุด คืออะไร และมีค่าเท่าไร (ไร่)?,"ควรสรุปจาก dashboard วิเคราะห์ (simsat) สัปดาห์ล่าสุด (2026-05-11 ถึง 2026-05-17) โดยสรุปอย่างน้อย Top 3 โครงการ/พื้นที่ที่เกี่ยวข้องกับ ""พื้นที่อ้อย"" พร้อมค่า <ตัวเลข> ไร่ ชื่อโครงการ/พื้นที่ และไม่ถามย้อนกลับให้ผู้ใช้ระบุ id เพิ่ม — (ต้องมีคำว่า: แปลง)",สรุปผลแบบเปรียบเทียบ/จัดอันดับ (เช่น Top 3) ไม่ใช่ถามย้อนกลับ|มีตัวเลขพร้อมหน่วย ไร่|มีชื่อโครงการ/พื้นที่อย่างน้อย 3 รายการ และระบุว่าเป็นสัปดาห์ล่าสุดหรือสัปดาห์ก่อน,aggregate
86,"ปริมาณการใช้น้ำรวม 4 ประเภททั้งหมด - 14 วันข้างหน้า (ลบ.ม./วินาที) ของ""โครงการชลประทานสุโขทัย"" สัปดาห์ล่าสุดเป็นเท่าไร?","ตอบจาก dashboard วิเคราะห์ (simsat) ของ ""โครงการชลประทานสุโขทัย"" — สัปดาห์ล่าสุด (2026-05-11 ถึง 2026-05-17) — โดยรายงานปริมาณการใช้น้ำรวม 4 ประเภททั้งหมด - 14 วันข้างหน้า = <ตัวเลข> ลบ.ม./วินาที — อ้างอิง farmplot_batch_id e98d2019-210d-497e-9884-d530f1e717b8 — ยืนยันหน่วยให้ตรงกับคำถาม และสรุปสั้นกระชับ — (ต้องมีคำว่า: พยากรณ์)",มีชื่อโครงการ/ชื่อพื้นที่ (plot_name) ที่ถูกถามในคำตอบ|มีตัวเลขพร้อมหน่วย ลบ.ม./วินาที|ระบุว่าเป็นสัปดาห์ล่าสุดหรือสัปดาห์ก่อน และช่วงวันที่ที่อ้างอิง,specific
87,"พื้นที่ที่ใช้ในการวิเคราะห์ (ไร่) ของ""โครงการส่งน้ำและบำรุงรักษาวังบัว"" สัปดาห์ก่อนเป็นเท่าไร?","ตอบจาก dashboard วิเคราะห์ (simsat) ของ ""โครงการส่งน้ำและบำรุงรักษาวังบัว"" — สัปดาห์ก่อน (2026-05-04 ถึง 2026-05-10) — โดยรายงานพื้นที่ที่ใช้ในการวิเคราะห์ = <ตัวเลข> ไร่ — อ้างอิง farmplot_batch_id a1b187ac-b5f4-4ced-8591-b4b3cc09d63a — ยืนยันหน่วยให้ตรงกับคำถาม และสรุปสั้นกระชับ — (ต้องมีคำว่า: แปลง)",มีชื่อโครงการ/ชื่อพื้นที่ (plot_name) ที่ถูกถามในคำตอบ|มีตัวเลขพร้อมหน่วย ไร่|ระบุว่าเป็นสัปดาห์ล่าสุดหรือสัปดาห์ก่อน และช่วงวันที่ที่อ้างอิง,specific
88,"ปริมาณการใช้น้ำรวม 4 ประเภททั้งหมด - 14 วันข้างหน้า (ลบ.ม./วินาที) ของ""โครงการส่งน้ำและบำรุงรักษาแม่ยม"" สัปดาห์ล่าสุดเป็นเท่าไร?","ตอบจาก dashboard วิเคราะห์ (simsat) ของ ""โครงการส่งน้ำและบำรุงรักษาแม่ยม"" — สัปดาห์ล่าสุด (2026-05-11 ถึง 2026-05-17) — โดยรายงานปริมาณการใช้น้ำรวม 4 ประเภททั้งหมด - 14 วันข้างหน้า = <ตัวเลข> ลบ.ม./วินาที — อ้างอิง farmplot_batch_id bce73258-fa11-4827-ba5d-937c3b471a12 — ยืนยันหน่วยให้ตรงกับคำถาม และสรุปสั้นกระชับ — (ต้องมีคำว่า: พยากรณ์)",มีชื่อโครงการ/ชื่อพื้นที่ (plot_name) ที่ถูกถามในคำตอบ|มีตัวเลขพร้อมหน่วย ลบ.ม./วินาที|ระบุว่าเป็นสัปดาห์ล่าสุดหรือสัปดาห์ก่อน และช่วงวันที่ที่อ้างอิง,specific
89,"พื้นที่ตามข้อมูล LDD (ไร่) ของ""โครงการส่งน้ำและบำรุงรักษาสุโขทัย"" สัปดาห์ก่อนเป็นเท่าไร?","ตอบจาก dashboard วิเคราะห์ (simsat) ของ ""โครงการส่งน้ำและบำรุงรักษาสุโขทัย"" — สัปดาห์ก่อน (2026-05-04 ถึง 2026-05-10) — โดยรายงานพื้นที่ตามข้อมูล LDD = <ตัวเลข> ไร่ — อ้างอิง farmplot_batch_id 10fabd4d-633b-4448-bc25-4dc3aa4cdee8 — ยืนยันหน่วยให้ตรงกับคำถาม และสรุปสั้นกระชับ — (ต้องมีคำว่า: แปลง)",มีชื่อโครงการ/ชื่อพื้นที่ (plot_name) ที่ถูกถามในคำตอบ|มีตัวเลขพร้อมหน่วย ไร่|ระบุว่าเป็นสัปดาห์ล่าสุดหรือสัปดาห์ก่อน และช่วงวันที่ที่อ้างอิง,specific
90,"พื้นที่มันสำปะหลัง (ไร่) ของ""โครงการชลประทานกำแพงเพชร"" สัปดาห์ก่อน เทียบกับสัปดาห์ล่าสุดต่างกันเท่าไร (อ้างอิง id df4b8eda-7cc0-40fb-9684-c01557ddd87a)?","ควรตอบจาก dashboard วิเคราะห์ (simsat) ของ ""โครงการชลประทานกำแพงเพชร"" โดยให้ค่าพื้นที่มันสำปะหลัง สัปดาห์ก่อน (2026-05-04 ถึง 2026-05-10) = <ตัวเลข> ไร่ และสัปดาห์ล่าสุด (2026-05-11 ถึง 2026-05-17) = <ตัวเลข> ไร่ พร้อมสรุปว่าเพิ่ม/ลดเท่าไร (หน่วย ไร่) — (ต้องมีคำว่า: แปลง)",มีชื่อโครงการ/ชื่อพื้นที่ (plot_name) ที่ถูกถามในคำตอบ|มีตัวเลขพร้อมหน่วย ไร่|ระบุว่าเป็นสัปดาห์ล่าสุดหรือสัปดาห์ก่อน และช่วงวันที่ที่อ้างอิง,specific
91,"พื้นที่ข้าวโพด (ไร่) ของ""โครงการส่งน้ำและบำรุงรักษาสุโขทัย"" สัปดาห์ล่าสุดเป็นเท่าไร?","ตอบจาก dashboard วิเคราะห์ (simsat) ของ ""โครงการส่งน้ำและบำรุงรักษาสุโขทัย"" — สัปดาห์ล่าสุด (2026-05-11 ถึง 2026-05-17) — โดยรายงานพื้นที่ข้าวโพด = <ตัวเลข> ไร่ — อ้างอิง farmplot_batch_id 10fabd4d-633b-4448-bc25-4dc3aa4cdee8 — ยืนยันหน่วยให้ตรงกับคำถาม และสรุปสั้นกระชับ — (ต้องมีคำว่า: แปลง)",มีชื่อโครงการ/ชื่อพื้นที่ (plot_name) ที่ถูกถามในคำตอบ|มีตัวเลขพร้อมหน่วย ไร่|ระบุว่าเป็นสัปดาห์ล่าสุดหรือสัปดาห์ก่อน และช่วงวันที่ที่อ้างอิง,specific
92,"พื้นที่มันสำปะหลัง (ไร่) ของ""โครงการชลประทานตาก"" สัปดาห์ก่อน เทียบกับสัปดาห์ล่าสุดต่างกันเท่าไร (อ้างอิง id a0292383-4653-4d0c-b8f0-cf1ddd5f3bb1)?","ควรตอบจาก dashboard วิเคราะห์ (simsat) ของ ""โครงการชลประทานตาก"" โดยให้ค่าพื้นที่มันสำปะหลัง สัปดาห์ก่อน (2026-05-04 ถึง 2026-05-10) = <ตัวเลข> ไร่ และสัปดาห์ล่าสุด (2026-05-11 ถึง 2026-05-17) = <ตัวเลข> ไร่ พร้อมสรุปว่าเพิ่ม/ลดเท่าไร (หน่วย ไร่) — (ต้องมีคำว่า: แปลง)",มีชื่อโครงการ/ชื่อพื้นที่ (plot_name) ที่ถูกถามในคำตอบ|มีตัวเลขพร้อมหน่วย ไร่|ระบุว่าเป็นสัปดาห์ล่าสุดหรือสัปดาห์ก่อน และช่วงวันที่ที่อ้างอิง,specific
93,"ปริมาณการใช้น้ำรวม 4 ประเภททั้งหมด - 7 วันข้างหน้า (ลบ.ม./วินาที) ของ""โครงการส่งน้ำและบำรุงรักษาวังบัว"" สัปดาห์ล่าสุดเป็นเท่าไร?","ตอบจาก dashboard วิเคราะห์ (simsat) ของ ""โครงการส่งน้ำและบำรุงรักษาวังบัว"" — สัปดาห์ล่าสุด (2026-05-11 ถึง 2026-05-17) — โดยรายงานปริมาณการใช้น้ำรวม 4 ประเภททั้งหมด - 7 วันข้างหน้า = <ตัวเลข> ลบ.ม./วินาที — อ้างอิง farmplot_batch_id a1b187ac-b5f4-4ced-8591-b4b3cc09d63a — ยืนยันหน่วยให้ตรงกับคำถาม และสรุปสั้นกระชับ — (ต้องมีคำว่า: พยากรณ์)",มีชื่อโครงการ/ชื่อพื้นที่ (plot_name) ที่ถูกถามในคำตอบ|มีตัวเลขพร้อมหน่วย ลบ.ม./วินาที|ระบุว่าเป็นสัปดาห์ล่าสุดหรือสัปดาห์ก่อน และช่วงวันที่ที่อ้างอิง,specific
94,"พื้นที่ที่ใช้ในการวิเคราะห์ (ไร่) ของ""โครงการส่งน้ำและบำรุงรักษาท่อทองแดง"" สัปดาห์ก่อนเป็นเท่าไร?","ตอบจาก dashboard วิเคราะห์ (simsat) ของ ""โครงการส่งน้ำและบำรุงรักษาท่อทองแดง"" — สัปดาห์ก่อน (2026-05-04 ถึง 2026-05-10) — โดยรายงานพื้นที่ที่ใช้ในการวิเคราะห์ = <ตัวเลข> ไร่ — อ้างอิง farmplot_batch_id b6e7bd3b-f170-4408-bbec-e8ee54e3d382 — ยืนยันหน่วยให้ตรงกับคำถาม และสรุปสั้นกระชับ — (ต้องมีคำว่า: แปลง)",มีชื่อโครงการ/ชื่อพื้นที่ (plot_name) ที่ถูกถามในคำตอบ|มีตัวเลขพร้อมหน่วย ไร่|ระบุว่าเป็นสัปดาห์ล่าสุดหรือสัปดาห์ก่อน และช่วงวันที่ที่อ้างอิง,specific
95,"พื้นที่ข้าว (ไร่) ของ""โครงการส่งน้ำและบำรุงรักษาสุโขทัย"" สัปดาห์ล่าสุดเป็นเท่าไร?","ตอบจาก dashboard วิเคราะห์ (simsat) ของ ""โครงการส่งน้ำและบำรุงรักษาสุโขทัย"" — สัปดาห์ล่าสุด (2026-05-11 ถึง 2026-05-17) — โดยรายงานพื้นที่ข้าว = <ตัวเลข> ไร่ — อ้างอิง farmplot_batch_id 10fabd4d-633b-4448-bc25-4dc3aa4cdee8 — ยืนยันหน่วยให้ตรงกับคำถาม และสรุปสั้นกระชับ — (ต้องมีคำว่า: แปลง)",มีชื่อโครงการ/ชื่อพื้นที่ (plot_name) ที่ถูกถามในคำตอบ|มีตัวเลขพร้อมหน่วย ไร่|ระบุว่าเป็นสัปดาห์ล่าสุดหรือสัปดาห์ก่อน และช่วงวันที่ที่อ้างอิง,specific
96,"พื้นที่ตามข้อมูล LDD (ไร่) ของ""โครงการส่งน้ำและบำรุงรักษาวังยาง - หนองขวัญ"" สัปดาห์ก่อน เทียบกับสัปดาห์ล่าสุดต่างกันเท่าไร?","ควรตอบจาก dashboard วิเคราะห์ (simsat) ของ ""โครงการส่งน้ำและบำรุงรักษาวังยาง - หนองขวัญ"" โดยให้ค่าพื้นที่ตามข้อมูล LDD สัปดาห์ก่อน (2026-05-04 ถึง 2026-05-10) = <ตัวเลข> ไร่ และสัปดาห์ล่าสุด (2026-05-11 ถึง 2026-05-17) = <ตัวเลข> ไร่ พร้อมสรุปว่าเพิ่ม/ลดเท่าไร (หน่วย ไร่) — (ต้องมีคำว่า: แปลง)",มีชื่อโครงการ/ชื่อพื้นที่ (plot_name) ที่ถูกถามในคำตอบ|มีตัวเลขพร้อมหน่วย ไร่|ระบุว่าเป็นสัปดาห์ล่าสุดหรือสัปดาห์ก่อน และช่วงวันที่ที่อ้างอิง,specific
97,"พื้นที่ข้าวโพด (ไร่) ของ""โครงการชลประทานสุโขทัย"" สัปดาห์ล่าสุดเป็นเท่าไร (อ้างอิง id e98d2019-210d-497e-9884-d530f1e717b8)?","ตอบจาก dashboard วิเคราะห์ (simsat) ของ ""โครงการชลประทานสุโขทัย"" — สัปดาห์ล่าสุด (2026-05-11 ถึง 2026-05-17) — โดยรายงานพื้นที่ข้าวโพด = <ตัวเลข> ไร่ — อ้างอิง farmplot_batch_id e98d2019-210d-497e-9884-d530f1e717b8 — ยืนยันหน่วยให้ตรงกับคำถาม และสรุปสั้นกระชับ — (ต้องมีคำว่า: แปลง)",มีชื่อโครงการ/ชื่อพื้นที่ (plot_name) ที่ถูกถามในคำตอบ|มีตัวเลขพร้อมหน่วย ไร่|ระบุว่าเป็นสัปดาห์ล่าสุดหรือสัปดาห์ก่อน และช่วงวันที่ที่อ้างอิง,specific
98,"ปริมาณการใช้น้ำรวม 4 ประเภททั้งหมด - 14 วันข้างหน้า (ลบ.ม./วินาที) ของ""โครงการชลประทานสุโขทัย"" สัปดาห์ก่อนเป็นเท่าไร (อ้างอิง id e98d2019-210d-497e-9884-d530f1e717b8)?","ตอบจาก dashboard วิเคราะห์ (simsat) ของ ""โครงการชลประทานสุโขทัย"" — สัปดาห์ก่อน (2026-05-04 ถึง 2026-05-10) — โดยรายงานปริมาณการใช้น้ำรวม 4 ประเภททั้งหมด - 14 วันข้างหน้า = <ตัวเลข> ลบ.ม./วินาที — อ้างอิง farmplot_batch_id e98d2019-210d-497e-9884-d530f1e717b8 — ยืนยันหน่วยให้ตรงกับคำถาม และสรุปสั้นกระชับ — (ต้องมีคำว่า: พยากรณ์)",มีชื่อโครงการ/ชื่อพื้นที่ (plot_name) ที่ถูกถามในคำตอบ|มีตัวเลขพร้อมหน่วย ลบ.ม./วินาที|ระบุว่าเป็นสัปดาห์ล่าสุดหรือสัปดาห์ก่อน และช่วงวันที่ที่อ้างอิง,specific
99,"พื้นที่ข้าว (ไร่) ของ""โครงการชลประทานสุโขทัย"" สัปดาห์ก่อนเป็นเท่าไร?","ตอบจาก dashboard วิเคราะห์ (simsat) ของ ""โครงการชลประทานสุโขทัย"" — สัปดาห์ก่อน (2026-05-04 ถึง 2026-05-10) — โดยรายงานพื้นที่ข้าว = <ตัวเลข> ไร่ — อ้างอิง farmplot_batch_id e98d2019-210d-497e-9884-d530f1e717b8 — ยืนยันหน่วยให้ตรงกับคำถาม และสรุปสั้นกระชับ — (ต้องมีคำว่า: แปลง)",มีชื่อโครงการ/ชื่อพื้นที่ (plot_name) ที่ถูกถามในคำตอบ|มีตัวเลขพร้อมหน่วย ไร่|ระบุว่าเป็นสัปดาห์ล่าสุดหรือสัปดาห์ก่อน และช่วงวันที่ที่อ้างอิง,specific
100,Top 3 โครงการ/พื้นที่ที่ปริมาณการใช้น้ำรวม 4 ประเภททั้งหมด - 7 วันข้างหน้าสูงสุด สัปดาห์ก่อน คืออะไร และมีค่าเท่าไร (ลบ.ม./วินาที)?,"ควรสรุปจาก dashboard วิเคราะห์ (simsat) สัปดาห์ก่อน (2026-05-04 ถึง 2026-05-10) โดยสรุปอย่างน้อย Top 3 โครงการ/พื้นที่ที่เกี่ยวข้องกับ ""ปริมาณการใช้น้ำรวม 4 ประเภททั้งหมด - 7 วันข้างหน้า"" พร้อมค่า <ตัวเลข> ลบ.ม./วินาที ชื่อโครงการ/พื้นที่ และไม่ถามย้อนกลับให้ผู้ใช้ระบุ id เพิ่ม — (ต้องมีคำว่า: พยากรณ์)",สรุปผลแบบเปรียบเทียบ/จัดอันดับ (เช่น Top 3) ไม่ใช่ถามย้อนกลับ|มีตัวเลขพร้อมหน่วย ลบ.ม./วินาที|มีชื่อโครงการ/พื้นที่อย่างน้อย 3 รายการ และระบุว่าเป็นสัปดาห์ล่าสุดหรือสัปดาห์ก่อน,aggregate
101,"พื้นที่ตามข้อมูล LDD (ไร่) ของ""โครงการส่งน้ำและบำรุงรักษาท่อทองแดง"" สัปดาห์ล่าสุดเป็นเท่าไร?","ตอบจาก dashboard วิเคราะห์ (simsat) ของ ""โครงการส่งน้ำและบำรุงรักษาท่อทองแดง"" — สัปดาห์ล่าสุด (2026-05-11 ถึง 2026-05-17) — โดยรายงานพื้นที่ตามข้อมูล LDD = <ตัวเลข> ไร่ — อ้างอิง farmplot_batch_id b6e7bd3b-f170-4408-bbec-e8ee54e3d382 — ยืนยันหน่วยให้ตรงกับคำถาม และสรุปสั้นกระชับ — (ต้องมีคำว่า: แปลง)",มีชื่อโครงการ/ชื่อพื้นที่ (plot_name) ที่ถูกถามในคำตอบ|มีตัวเลขพร้อมหน่วย ไร่|ระบุว่าเป็นสัปดาห์ล่าสุดหรือสัปดาห์ก่อน และช่วงวันที่ที่อ้างอิง,specific
102,"พื้นที่ตามข้อมูล LDD (ไร่) ของ""โครงการส่งน้ำและบำรุงรักษาสุโขทัย"" สัปดาห์ล่าสุดเป็นเท่าไร?","ตอบจาก dashboard วิเคราะห์ (simsat) ของ ""โครงการส่งน้ำและบำรุงรักษาสุโขทัย"" — สัปดาห์ล่าสุด (2026-05-11 ถึง 2026-05-17) — โดยรายงานพื้นที่ตามข้อมูล LDD = <ตัวเลข> ไร่ — อ้างอิง farmplot_batch_id 10fabd4d-633b-4448-bc25-4dc3aa4cdee8 — ยืนยันหน่วยให้ตรงกับคำถาม และสรุปสั้นกระชับ — (ต้องมีคำว่า: แปลง)",มีชื่อโครงการ/ชื่อพื้นที่ (plot_name) ที่ถูกถามในคำตอบ|มีตัวเลขพร้อมหน่วย ไร่|ระบุว่าเป็นสัปดาห์ล่าสุดหรือสัปดาห์ก่อน และช่วงวันที่ที่อ้างอิง,specific
103,"พื้นที่มันสำปะหลัง (ไร่) ของ""โครงการชลประทานกำแพงเพชร"" สัปดาห์ก่อนเป็นเท่าไร?","ตอบจาก dashboard วิเคราะห์ (simsat) ของ ""โครงการชลประทานกำแพงเพชร"" — สัปดาห์ก่อน (2026-05-04 ถึง 2026-05-10) — โดยรายงานพื้นที่มันสำปะหลัง = <ตัวเลข> ไร่ — อ้างอิง farmplot_batch_id df4b8eda-7cc0-40fb-9684-c01557ddd87a — ยืนยันหน่วยให้ตรงกับคำถาม และสรุปสั้นกระชับ — (ต้องมีคำว่า: แปลง)",มีชื่อโครงการ/ชื่อพื้นที่ (plot_name) ที่ถูกถามในคำตอบ|มีตัวเลขพร้อมหน่วย ไร่|ระบุว่าเป็นสัปดาห์ล่าสุดหรือสัปดาห์ก่อน และช่วงวันที่ที่อ้างอิง,specific
104,"ปริมาณการใช้น้ำรวม 4 ประเภททั้งหมด - 14 วันข้างหน้า (ลบ.ม./วินาที) ของ""rid4"" สัปดาห์ก่อน เทียบกับสัปดาห์ล่าสุดต่างกันเท่าไร?","ควรตอบจาก dashboard วิเคราะห์ (simsat) ของ ""rid4"" โดยให้ค่าปริมาณการใช้น้ำรวม 4 ประเภททั้งหมด - 14 วันข้างหน้า สัปดาห์ก่อน (2026-05-04 ถึง 2026-05-10) = <ตัวเลข> ลบ.ม./วินาที และสัปดาห์ล่าสุด (2026-05-11 ถึง 2026-05-17) = <ตัวเลข> ลบ.ม./วินาที พร้อมสรุปว่าเพิ่ม/ลดเท่าไร (หน่วย ลบ.ม./วินาที) — (ต้องมีคำว่า: พยากรณ์)",มีชื่อโครงการ/ชื่อพื้นที่ (plot_name) ที่ถูกถามในคำตอบ|มีตัวเลขพร้อมหน่วย ลบ.ม./วินาที|ระบุว่าเป็นสัปดาห์ล่าสุดหรือสัปดาห์ก่อน และช่วงวันที่ที่อ้างอิง,specific
105,"พื้นที่มันสำปะหลัง (ไร่) ของ""rid4"" สัปดาห์ล่าสุดเป็นเท่าไร?","ตอบจาก dashboard วิเคราะห์ (simsat) ของ ""rid4"" — สัปดาห์ล่าสุด (2026-05-11 ถึง 2026-05-17) — โดยรายงานพื้นที่มันสำปะหลัง = <ตัวเลข> ไร่ — อ้างอิง farmplot_batch_id 5c388852-6015-4cf6-8714-3c435b8ae317 — ยืนยันหน่วยให้ตรงกับคำถาม และสรุปสั้นกระชับ — (ต้องมีคำว่า: แปลง)",มีชื่อโครงการ/ชื่อพื้นที่ (plot_name) ที่ถูกถามในคำตอบ|มีตัวเลขพร้อมหน่วย ไร่|ระบุว่าเป็นสัปดาห์ล่าสุดหรือสัปดาห์ก่อน และช่วงวันที่ที่อ้างอิง,specific
106,"พื้นที่ตามข้อมูล LDD (ไร่) ของ""โครงการชลประทานแพร่"" สัปดาห์ล่าสุดเป็นเท่าไร?","ตอบจาก dashboard วิเคราะห์ (simsat) ของ ""โครงการชลประทานแพร่"" — สัปดาห์ล่าสุด (2026-05-11 ถึง 2026-05-17) — โดยรายงานพื้นที่ตามข้อมูล LDD = <ตัวเลข> ไร่ — อ้างอิง farmplot_batch_id ee44f6fc-c1aa-44a0-8f61-fd2e82befad6 — ยืนยันหน่วยให้ตรงกับคำถาม และสรุปสั้นกระชับ — (ต้องมีคำว่า: แปลง)",มีชื่อโครงการ/ชื่อพื้นที่ (plot_name) ที่ถูกถามในคำตอบ|มีตัวเลขพร้อมหน่วย ไร่|ระบุว่าเป็นสัปดาห์ล่าสุดหรือสัปดาห์ก่อน และช่วงวันที่ที่อ้างอิง,specific
107,"ปริมาณการใช้น้ำรวม 4 ประเภททั้งหมด - 14 วันข้างหน้า (ลบ.ม./วินาที) ของ""โครงการส่งน้ำและบำรุงรักษาวังยาง - หนองขวัญ"" สัปดาห์ล่าสุดเป็นเท่าไร (อ้างอิง id 74513790-a4a8-4ed3-950c-5ff147827f20)?","ตอบจาก dashboard วิเคราะห์ (simsat) ของ ""โครงการส่งน้ำและบำรุงรักษาวังยาง - หนองขวัญ"" — สัปดาห์ล่าสุด (2026-05-11 ถึง 2026-05-17) — โดยรายงานปริมาณการใช้น้ำรวม 4 ประเภททั้งหมด - 14 วันข้างหน้า = <ตัวเลข> ลบ.ม./วินาที — อ้างอิง farmplot_batch_id 74513790-a4a8-4ed3-950c-5ff147827f20 — ยืนยันหน่วยให้ตรงกับคำถาม และสรุปสั้นกระชับ — (ต้องมีคำว่า: พยากรณ์)",มีชื่อโครงการ/ชื่อพื้นที่ (plot_name) ที่ถูกถามในคำตอบ|มีตัวเลขพร้อมหน่วย ลบ.ม./วินาที|ระบุว่าเป็นสัปดาห์ล่าสุดหรือสัปดาห์ก่อน และช่วงวันที่ที่อ้างอิง,specific
108,Top 3 โครงการ/พื้นที่ที่พื้นที่อ้อยสูงสุด สัปดาห์ก่อน คืออะไร และมีค่าเท่าไร (ไร่)?,"ควรสรุปจาก dashboard วิเคราะห์ (simsat) สัปดาห์ก่อน (2026-05-04 ถึง 2026-05-10) โดยสรุปอย่างน้อย Top 3 โครงการ/พื้นที่ที่เกี่ยวข้องกับ ""พื้นที่อ้อย"" พร้อมค่า <ตัวเลข> ไร่ ชื่อโครงการ/พื้นที่ และไม่ถามย้อนกลับให้ผู้ใช้ระบุ id เพิ่ม — (ต้องมีคำว่า: แปลง)",สรุปผลแบบเปรียบเทียบ/จัดอันดับ (เช่น Top 3) ไม่ใช่ถามย้อนกลับ|มีตัวเลขพร้อมหน่วย ไร่|มีชื่อโครงการ/พื้นที่อย่างน้อย 3 รายการ และระบุว่าเป็นสัปดาห์ล่าสุดหรือสัปดาห์ก่อน,aggregate
109,"ปริมาณการใช้น้ำรวม 4 ประเภททั้งหมด - 14 วันข้างหน้า (ลบ.ม./วินาที) ของ""โครงการส่งน้ำและบำรุงรักษาสุโขทัย"" สัปดาห์ก่อนเป็นเท่าไร?","ตอบจาก dashboard วิเคราะห์ (simsat) ของ ""โครงการส่งน้ำและบำรุงรักษาสุโขทัย"" — สัปดาห์ก่อน (2026-05-04 ถึง 2026-05-10) — โดยรายงานปริมาณการใช้น้ำรวม 4 ประเภททั้งหมด - 14 วันข้างหน้า = <ตัวเลข> ลบ.ม./วินาที — อ้างอิง farmplot_batch_id 10fabd4d-633b-4448-bc25-4dc3aa4cdee8 — ยืนยันหน่วยให้ตรงกับคำถาม และสรุปสั้นกระชับ — (ต้องมีคำว่า: พยากรณ์)",มีชื่อโครงการ/ชื่อพื้นที่ (plot_name) ที่ถูกถามในคำตอบ|มีตัวเลขพร้อมหน่วย ลบ.ม./วินาที|ระบุว่าเป็นสัปดาห์ล่าสุดหรือสัปดาห์ก่อน และช่วงวันที่ที่อ้างอิง,specific
110,Top 3 โครงการ/พื้นที่ที่ปริมาณการใช้น้ำรวม 4 ประเภททั้งหมด - รวมประสิทธิภาพชลประทานสูงสุด สัปดาห์ล่าสุด คืออะไร และมีค่าเท่าไร (ลบ.ม./วินาที)?,"ควรสรุปจาก dashboard วิเคราะห์ (simsat) สัปดาห์ล่าสุด (2026-05-11 ถึง 2026-05-17) โดยสรุปอย่างน้อย Top 3 โครงการ/พื้นที่ที่เกี่ยวข้องกับ ""ปริมาณการใช้น้ำรวม 4 ประเภททั้งหมด - รวมประสิทธิภาพชลประทาน"" พร้อมค่า <ตัวเลข> ลบ.ม./วินาที ชื่อโครงการ/พื้นที่ และไม่ถามย้อนกลับให้ผู้ใช้ระบุ id เพิ่ม",สรุปผลแบบเปรียบเทียบ/จัดอันดับ (เช่น Top 3) ไม่ใช่ถามย้อนกลับ|มีตัวเลขพร้อมหน่วย ลบ.ม./วินาที|มีชื่อโครงการ/พื้นที่อย่างน้อย 3 รายการ และระบุว่าเป็นสัปดาห์ล่าสุดหรือสัปดาห์ก่อน,aggregate
111,Top 3 โครงการ/พื้นที่ที่ปริมาณการใช้น้ำรวม 4 ประเภททั้งหมด - รวมประสิทธิภาพชลประทานสูงสุด สัปดาห์ล่าสุด คืออะไร และมีค่าเท่าไร (ลบ.ม./วินาที)?,"ควรสรุปจาก dashboard วิเคราะห์ (simsat) สัปดาห์ล่าสุด (2026-05-11 ถึง 2026-05-17) โดยสรุปอย่างน้อย Top 3 โครงการ/พื้นที่ที่เกี่ยวข้องกับ ""ปริมาณการใช้น้ำรวม 4 ประเภททั้งหมด - รวมประสิทธิภาพชลประทาน"" พร้อมค่า <ตัวเลข> ลบ.ม./วินาที ชื่อโครงการ/พื้นที่ และไม่ถามย้อนกลับให้ผู้ใช้ระบุ id เพิ่ม",สรุปผลแบบเปรียบเทียบ/จัดอันดับ (เช่น Top 3) ไม่ใช่ถามย้อนกลับ|มีตัวเลขพร้อมหน่วย ลบ.ม./วินาที|มีชื่อโครงการ/พื้นที่อย่างน้อย 3 รายการ และระบุว่าเป็นสัปดาห์ล่าสุดหรือสัปดาห์ก่อน,aggregate
112,"ปริมาณการใช้น้ำรวม 4 ประเภททั้งหมด - 7 วันข้างหน้า (ลบ.ม./วินาที) ของ""โครงการส่งน้ำและบำรุงรักษาท่อทองแดง"" สัปดาห์ล่าสุดเป็นเท่าไร?","ตอบจาก dashboard วิเคราะห์ (simsat) ของ ""โครงการส่งน้ำและบำรุงรักษาท่อทองแดง"" — สัปดาห์ล่าสุด (2026-05-11 ถึง 2026-05-17) — โดยรายงานปริมาณการใช้น้ำรวม 4 ประเภททั้งหมด - 7 วันข้างหน้า = <ตัวเลข> ลบ.ม./วินาที — อ้างอิง farmplot_batch_id b6e7bd3b-f170-4408-bbec-e8ee54e3d382 — ยืนยันหน่วยให้ตรงกับคำถาม และสรุปสั้นกระชับ — (ต้องมีคำว่า: พยากรณ์)",มีชื่อโครงการ/ชื่อพื้นที่ (plot_name) ที่ถูกถามในคำตอบ|มีตัวเลขพร้อมหน่วย ลบ.ม./วินาที|ระบุว่าเป็นสัปดาห์ล่าสุดหรือสัปดาห์ก่อน และช่วงวันที่ที่อ้างอิง,specific
113,"พื้นที่ตามข้อมูล LDD (ไร่) ของ""rid4"" สัปดาห์ก่อนเป็นเท่าไร?","ตอบจาก dashboard วิเคราะห์ (simsat) ของ ""rid4"" — สัปดาห์ก่อน (2026-05-04 ถึง 2026-05-10) — โดยรายงานพื้นที่ตามข้อมูล LDD = <ตัวเลข> ไร่ — อ้างอิง farmplot_batch_id 5c388852-6015-4cf6-8714-3c435b8ae317 — ยืนยันหน่วยให้ตรงกับคำถาม และสรุปสั้นกระชับ — (ต้องมีคำว่า: แปลง)",มีชื่อโครงการ/ชื่อพื้นที่ (plot_name) ที่ถูกถามในคำตอบ|มีตัวเลขพร้อมหน่วย ไร่|ระบุว่าเป็นสัปดาห์ล่าสุดหรือสัปดาห์ก่อน และช่วงวันที่ที่อ้างอิง,specific
114,"พื้นที่ตามข้อมูล LDD (ไร่) ของ""โครงการส่งน้ำและบำรุงรักษาวังยาง - หนองขวัญ"" สัปดาห์ล่าสุดเป็นเท่าไร?","ตอบจาก dashboard วิเคราะห์ (simsat) ของ ""โครงการส่งน้ำและบำรุงรักษาวังยาง - หนองขวัญ"" — สัปดาห์ล่าสุด (2026-05-11 ถึง 2026-05-17) — โดยรายงานพื้นที่ตามข้อมูล LDD = <ตัวเลข> ไร่ — อ้างอิง farmplot_batch_id 74513790-a4a8-4ed3-950c-5ff147827f20 — ยืนยันหน่วยให้ตรงกับคำถาม และสรุปสั้นกระชับ — (ต้องมีคำว่า: แปลง)",มีชื่อโครงการ/ชื่อพื้นที่ (plot_name) ที่ถูกถามในคำตอบ|มีตัวเลขพร้อมหน่วย ไร่|ระบุว่าเป็นสัปดาห์ล่าสุดหรือสัปดาห์ก่อน และช่วงวันที่ที่อ้างอิง,specific
115,"พื้นที่อ้อย (ไร่) ของ""โครงการส่งน้ำและบำรุงรักษาแม่ยม"" สัปดาห์ก่อนเป็นเท่าไร?","ตอบจาก dashboard วิเคราะห์ (simsat) ของ ""โครงการส่งน้ำและบำรุงรักษาแม่ยม"" — สัปดาห์ก่อน (2026-05-04 ถึง 2026-05-10) — โดยรายงานพื้นที่อ้อย = <ตัวเลข> ไร่ — อ้างอิง farmplot_batch_id bce73258-fa11-4827-ba5d-937c3b471a12 — ยืนยันหน่วยให้ตรงกับคำถาม และสรุปสั้นกระชับ — (ต้องมีคำว่า: แปลง)",มีชื่อโครงการ/ชื่อพื้นที่ (plot_name) ที่ถูกถามในคำตอบ|มีตัวเลขพร้อมหน่วย ไร่|ระบุว่าเป็นสัปดาห์ล่าสุดหรือสัปดาห์ก่อน และช่วงวันที่ที่อ้างอิง,specific
116,Top 3 โครงการ/พื้นที่ที่พื้นที่อ้อยสูงสุด สัปดาห์ล่าสุด คืออะไร และมีค่าเท่าไร (ไร่)?,"ควรสรุปจาก dashboard วิเคราะห์ (simsat) สัปดาห์ล่าสุด (2026-05-11 ถึง 2026-05-17) โดยสรุปอย่างน้อย Top 3 โครงการ/พื้นที่ที่เกี่ยวข้องกับ ""พื้นที่อ้อย"" พร้อมค่า <ตัวเลข> ไร่ ชื่อโครงการ/พื้นที่ และไม่ถามย้อนกลับให้ผู้ใช้ระบุ id เพิ่ม — (ต้องมีคำว่า: แปลง)",สรุปผลแบบเปรียบเทียบ/จัดอันดับ (เช่น Top 3) ไม่ใช่ถามย้อนกลับ|มีตัวเลขพร้อมหน่วย ไร่|มีชื่อโครงการ/พื้นที่อย่างน้อย 3 รายการ และระบุว่าเป็นสัปดาห์ล่าสุดหรือสัปดาห์ก่อน,aggregate
117,Top 3 โครงการ/พื้นที่ที่ปริมาณการใช้น้ำรวม 4 ประเภททั้งหมด - 14 วันข้างหน้าสูงสุด สัปดาห์ก่อน คืออะไร และมีค่าเท่าไร (ลบ.ม./วินาที)?,"ควรสรุปจาก dashboard วิเคราะห์ (simsat) สัปดาห์ก่อน (2026-05-04 ถึง 2026-05-10) โดยสรุปอย่างน้อย Top 3 โครงการ/พื้นที่ที่เกี่ยวข้องกับ ""ปริมาณการใช้น้ำรวม 4 ประเภททั้งหมด - 14 วันข้างหน้า"" พร้อมค่า <ตัวเลข> ลบ.ม./วินาที ชื่อโครงการ/พื้นที่ และไม่ถามย้อนกลับให้ผู้ใช้ระบุ id เพิ่ม — (ต้องมีคำว่า: พยากรณ์)",สรุปผลแบบเปรียบเทียบ/จัดอันดับ (เช่น Top 3) ไม่ใช่ถามย้อนกลับ|มีตัวเลขพร้อมหน่วย ลบ.ม./วินาที|มีชื่อโครงการ/พื้นที่อย่างน้อย 3 รายการ และระบุว่าเป็นสัปดาห์ล่าสุดหรือสัปดาห์ก่อน,aggregate
118,"ปริมาณการใช้น้ำรวม 4 ประเภททั้งหมด - 14 วันข้างหน้า (ลบ.ม./วินาที) ของ""โครงการชลประทานกำแพงเพชร"" สัปดาห์ล่าสุดเป็นเท่าไร?","ตอบจาก dashboard วิเคราะห์ (simsat) ของ ""โครงการชลประทานกำแพงเพชร"" — สัปดาห์ล่าสุด (2026-05-11 ถึง 2026-05-17) — โดยรายงานปริมาณการใช้น้ำรวม 4 ประเภททั้งหมด - 14 วันข้างหน้า = <ตัวเลข> ลบ.ม./วินาที — อ้างอิง farmplot_batch_id df4b8eda-7cc0-40fb-9684-c01557ddd87a — ยืนยันหน่วยให้ตรงกับคำถาม และสรุปสั้นกระชับ — (ต้องมีคำว่า: พยากรณ์)",มีชื่อโครงการ/ชื่อพื้นที่ (plot_name) ที่ถูกถามในคำตอบ|มีตัวเลขพร้อมหน่วย ลบ.ม./วินาที|ระบุว่าเป็นสัปดาห์ล่าสุดหรือสัปดาห์ก่อน และช่วงวันที่ที่อ้างอิง,specific
119,"ปริมาณการใช้น้ำรวม 4 ประเภททั้งหมด - 14 วันข้างหน้า (ลบ.ม./วินาที) ของ""โครงการส่งน้ำและบำรุงรักษาท่อทองแดง"" สัปดาห์ก่อนเป็นเท่าไร?","ตอบจาก dashboard วิเคราะห์ (simsat) ของ ""โครงการส่งน้ำและบำรุงรักษาท่อทองแดง"" — สัปดาห์ก่อน (2026-05-04 ถึง 2026-05-10) — โดยรายงานปริมาณการใช้น้ำรวม 4 ประเภททั้งหมด - 14 วันข้างหน้า = <ตัวเลข> ลบ.ม./วินาที — อ้างอิง farmplot_batch_id b6e7bd3b-f170-4408-bbec-e8ee54e3d382 — ยืนยันหน่วยให้ตรงกับคำถาม และสรุปสั้นกระชับ — (ต้องมีคำว่า: พยากรณ์)",มีชื่อโครงการ/ชื่อพื้นที่ (plot_name) ที่ถูกถามในคำตอบ|มีตัวเลขพร้อมหน่วย ลบ.ม./วินาที|ระบุว่าเป็นสัปดาห์ล่าสุดหรือสัปดาห์ก่อน และช่วงวันที่ที่อ้างอิง,specific
120,"พื้นที่อ้อย (ไร่) ของ""โครงการส่งน้ำและบำรุงรักษาวังบัว"" สัปดาห์ล่าสุดเป็นเท่าไร?","ตอบจาก dashboard วิเคราะห์ (simsat) ของ ""โครงการส่งน้ำและบำรุงรักษาวังบัว"" — สัปดาห์ล่าสุด (2026-05-11 ถึง 2026-05-17) — โดยรายงานพื้นที่อ้อย = <ตัวเลข> ไร่ — อ้างอิง farmplot_batch_id a1b187ac-b5f4-4ced-8591-b4b3cc09d63a — ยืนยันหน่วยให้ตรงกับคำถาม และสรุปสั้นกระชับ — (ต้องมีคำว่า: แปลง)",มีชื่อโครงการ/ชื่อพื้นที่ (plot_name) ที่ถูกถามในคำตอบ|มีตัวเลขพร้อมหน่วย ไร่|ระบุว่าเป็นสัปดาห์ล่าสุดหรือสัปดาห์ก่อน และช่วงวันที่ที่อ้างอิง,specific
121,"พื้นที่ที่ใช้ในการวิเคราะห์ (ไร่) ของ""โครงการชลประทานแพร่"" สัปดาห์ล่าสุดเป็นเท่าไร?","ตอบจาก dashboard วิเคราะห์ (simsat) ของ ""โครงการชลประทานแพร่"" — สัปดาห์ล่าสุด (2026-05-11 ถึง 2026-05-17) — โดยรายงานพื้นที่ที่ใช้ในการวิเคราะห์ = <ตัวเลข> ไร่ — อ้างอิง farmplot_batch_id ee44f6fc-c1aa-44a0-8f61-fd2e82befad6 — ยืนยันหน่วยให้ตรงกับคำถาม และสรุปสั้นกระชับ — (ต้องมีคำว่า: แปลง)",มีชื่อโครงการ/ชื่อพื้นที่ (plot_name) ที่ถูกถามในคำตอบ|มีตัวเลขพร้อมหน่วย ไร่|ระบุว่าเป็นสัปดาห์ล่าสุดหรือสัปดาห์ก่อน และช่วงวันที่ที่อ้างอิง,specific
122,"พื้นที่ข้าวโพด (ไร่) ของ""โครงการส่งน้ำและบำรุงรักษาวังบัว"" สัปดาห์ก่อนเป็นเท่าไร (อ้างอิง id a1b187ac-b5f4-4ced-8591-b4b3cc09d63a)?","ตอบจาก dashboard วิเคราะห์ (simsat) ของ ""โครงการส่งน้ำและบำรุงรักษาวังบัว"" — สัปดาห์ก่อน (2026-05-04 ถึง 2026-05-10) — โดยรายงานพื้นที่ข้าวโพด = <ตัวเลข> ไร่ — อ้างอิง farmplot_batch_id a1b187ac-b5f4-4ced-8591-b4b3cc09d63a — ยืนยันหน่วยให้ตรงกับคำถาม และสรุปสั้นกระชับ — (ต้องมีคำว่า: แปลง)",มีชื่อโครงการ/ชื่อพื้นที่ (plot_name) ที่ถูกถามในคำตอบ|มีตัวเลขพร้อมหน่วย ไร่|ระบุว่าเป็นสัปดาห์ล่าสุดหรือสัปดาห์ก่อน และช่วงวันที่ที่อ้างอิง,specific
123,"พื้นที่ที่ใช้ในการวิเคราะห์ (ไร่) ของ""โครงการชลประทานตาก"" สัปดาห์ล่าสุดเป็นเท่าไร?","ตอบจาก dashboard วิเคราะห์ (simsat) ของ ""โครงการชลประทานตาก"" — สัปดาห์ล่าสุด (2026-05-11 ถึง 2026-05-17) — โดยรายงานพื้นที่ที่ใช้ในการวิเคราะห์ = <ตัวเลข> ไร่ — อ้างอิง farmplot_batch_id a0292383-4653-4d0c-b8f0-cf1ddd5f3bb1 — ยืนยันหน่วยให้ตรงกับคำถาม และสรุปสั้นกระชับ — (ต้องมีคำว่า: แปลง)",มีชื่อโครงการ/ชื่อพื้นที่ (plot_name) ที่ถูกถามในคำตอบ|มีตัวเลขพร้อมหน่วย ไร่|ระบุว่าเป็นสัปดาห์ล่าสุดหรือสัปดาห์ก่อน และช่วงวันที่ที่อ้างอิง,specific
124,"พื้นที่ตามข้อมูล LDD (ไร่) ของ""โครงการชลประทานกำแพงเพชร"" สัปดาห์ล่าสุดเป็นเท่าไร?","ตอบจาก dashboard วิเคราะห์ (simsat) ของ ""โครงการชลประทานกำแพงเพชร"" — สัปดาห์ล่าสุด (2026-05-11 ถึง 2026-05-17) — โดยรายงานพื้นที่ตามข้อมูล LDD = <ตัวเลข> ไร่ — อ้างอิง farmplot_batch_id df4b8eda-7cc0-40fb-9684-c01557ddd87a — ยืนยันหน่วยให้ตรงกับคำถาม และสรุปสั้นกระชับ — (ต้องมีคำว่า: แปลง)",มีชื่อโครงการ/ชื่อพื้นที่ (plot_name) ที่ถูกถามในคำตอบ|มีตัวเลขพร้อมหน่วย ไร่|ระบุว่าเป็นสัปดาห์ล่าสุดหรือสัปดาห์ก่อน และช่วงวันที่ที่อ้างอิง,specific
125,"ปริมาณการใช้น้ำรวม 4 ประเภททั้งหมด - รวมประสิทธิภาพชลประทาน (ลบ.ม./วินาที) ของ""โครงการส่งน้ำและบำรุงรักษาวังบัว"" สัปดาห์ล่าสุดเป็นเท่าไร (อ้างอิง id a1b187ac-b5f4-4ced-8591-b4b3cc09d63a)?","ตอบจาก dashboard วิเคราะห์ (simsat) ของ ""โครงการส่งน้ำและบำรุงรักษาวังบัว"" — สัปดาห์ล่าสุด (2026-05-11 ถึง 2026-05-17) — โดยรายงานปริมาณการใช้น้ำรวม 4 ประเภททั้งหมด - รวมประสิทธิภาพชลประทาน = <ตัวเลข> ลบ.ม./วินาที — อ้างอิง farmplot_batch_id a1b187ac-b5f4-4ced-8591-b4b3cc09d63a — ยืนยันหน่วยให้ตรงกับคำถาม และสรุปสั้นกระชับ",มีชื่อโครงการ/ชื่อพื้นที่ (plot_name) ที่ถูกถามในคำตอบ|มีตัวเลขพร้อมหน่วย ลบ.ม./วินาที|ระบุว่าเป็นสัปดาห์ล่าสุดหรือสัปดาห์ก่อน และช่วงวันที่ที่อ้างอิง,specific
126,"ปริมาณการใช้น้ำรวม 4 ประเภททั้งหมด - รวมประสิทธิภาพชลประทาน (ลบ.ม./วินาที) ของ""โครงการส่งน้ำและบำรุงรักษาวังยาง - หนองขวัญ"" สัปดาห์ล่าสุดเป็นเท่าไร?","ตอบจาก dashboard วิเคราะห์ (simsat) ของ ""โครงการส่งน้ำและบำรุงรักษาวังยาง - หนองขวัญ"" — สัปดาห์ล่าสุด (2026-05-11 ถึง 2026-05-17) — โดยรายงานปริมาณการใช้น้ำรวม 4 ประเภททั้งหมด - รวมประสิทธิภาพชลประทาน = <ตัวเลข> ลบ.ม./วินาที — อ้างอิง farmplot_batch_id 74513790-a4a8-4ed3-950c-5ff147827f20 — ยืนยันหน่วยให้ตรงกับคำถาม และสรุปสั้นกระชับ",มีชื่อโครงการ/ชื่อพื้นที่ (plot_name) ที่ถูกถามในคำตอบ|มีตัวเลขพร้อมหน่วย ลบ.ม./วินาที|ระบุว่าเป็นสัปดาห์ล่าสุดหรือสัปดาห์ก่อน และช่วงวันที่ที่อ้างอิง,specific
127,"ปริมาณการใช้น้ำรวม 4 ประเภททั้งหมด - 14 วันข้างหน้า (ลบ.ม./วินาที) ของ""โครงการส่งน้ำและบำรุงรักษาวังยาง - หนองขวัญ"" สัปดาห์ก่อนเป็นเท่าไร?","ตอบจาก dashboard วิเคราะห์ (simsat) ของ ""โครงการส่งน้ำและบำรุงรักษาวังยาง - หนองขวัญ"" — สัปดาห์ก่อน (2026-05-04 ถึง 2026-05-10) — โดยรายงานปริมาณการใช้น้ำรวม 4 ประเภททั้งหมด - 14 วันข้างหน้า = <ตัวเลข> ลบ.ม./วินาที — อ้างอิง farmplot_batch_id 74513790-a4a8-4ed3-950c-5ff147827f20 — ยืนยันหน่วยให้ตรงกับคำถาม และสรุปสั้นกระชับ — (ต้องมีคำว่า: พยากรณ์)",มีชื่อโครงการ/ชื่อพื้นที่ (plot_name) ที่ถูกถามในคำตอบ|มีตัวเลขพร้อมหน่วย ลบ.ม./วินาที|ระบุว่าเป็นสัปดาห์ล่าสุดหรือสัปดาห์ก่อน และช่วงวันที่ที่อ้างอิง,specific
128,"พื้นที่ข้าวโพด (ไร่) ของ""rid4"" สัปดาห์ก่อน เทียบกับสัปดาห์ล่าสุดต่างกันเท่าไร (อ้างอิง id 5c388852-6015-4cf6-8714-3c435b8ae317)?","ควรตอบจาก dashboard วิเคราะห์ (simsat) ของ ""rid4"" โดยให้ค่าพื้นที่ข้าวโพด สัปดาห์ก่อน (2026-05-04 ถึง 2026-05-10) = <ตัวเลข> ไร่ และสัปดาห์ล่าสุด (2026-05-11 ถึง 2026-05-17) = <ตัวเลข> ไร่ พร้อมสรุปว่าเพิ่ม/ลดเท่าไร (หน่วย ไร่) — (ต้องมีคำว่า: แปลง)",มีชื่อโครงการ/ชื่อพื้นที่ (plot_name) ที่ถูกถามในคำตอบ|มีตัวเลขพร้อมหน่วย ไร่|ระบุว่าเป็นสัปดาห์ล่าสุดหรือสัปดาห์ก่อน และช่วงวันที่ที่อ้างอิง,specific
129,"พื้นที่ข้าวโพด (ไร่) ของ""โครงการส่งน้ำและบำรุงรักษาวังยาง - หนองขวัญ"" สัปดาห์ก่อนเป็นเท่าไร (อ้างอิง id 74513790-a4a8-4ed3-950c-5ff147827f20)?","ตอบจาก dashboard วิเคราะห์ (simsat) ของ ""โครงการส่งน้ำและบำรุงรักษาวังยาง - หนองขวัญ"" — สัปดาห์ก่อน (2026-05-04 ถึง 2026-05-10) — โดยรายงานพื้นที่ข้าวโพด = <ตัวเลข> ไร่ — อ้างอิง farmplot_batch_id 74513790-a4a8-4ed3-950c-5ff147827f20 — ยืนยันหน่วยให้ตรงกับคำถาม และสรุปสั้นกระชับ — (ต้องมีคำว่า: แปลง)",มีชื่อโครงการ/ชื่อพื้นที่ (plot_name) ที่ถูกถามในคำตอบ|มีตัวเลขพร้อมหน่วย ไร่|ระบุว่าเป็นสัปดาห์ล่าสุดหรือสัปดาห์ก่อน และช่วงวันที่ที่อ้างอิง,specific
130,Top 3 โครงการ/พื้นที่ที่พื้นที่ข้าวสูงสุด สัปดาห์ล่าสุด คืออะไร และมีค่าเท่าไร (ไร่)?,"ควรสรุปจาก dashboard วิเคราะห์ (simsat) สัปดาห์ล่าสุด (2026-05-11 ถึง 2026-05-17) โดยสรุปอย่างน้อย Top 3 โครงการ/พื้นที่ที่เกี่ยวข้องกับ ""พื้นที่ข้าว"" พร้อมค่า <ตัวเลข> ไร่ ชื่อโครงการ/พื้นที่ และไม่ถามย้อนกลับให้ผู้ใช้ระบุ id เพิ่ม — (ต้องมีคำว่า: แปลง)",สรุปผลแบบเปรียบเทียบ/จัดอันดับ (เช่น Top 3) ไม่ใช่ถามย้อนกลับ|มีตัวเลขพร้อมหน่วย ไร่|มีชื่อโครงการ/พื้นที่อย่างน้อย 3 รายการ และระบุว่าเป็นสัปดาห์ล่าสุดหรือสัปดาห์ก่อน,aggregate
131,Top 3 โครงการ/พื้นที่ที่พื้นที่ข้าวโพดสูงสุด สัปดาห์ล่าสุด คืออะไร และมีค่าเท่าไร (ไร่)?,"ควรสรุปจาก dashboard วิเคราะห์ (simsat) สัปดาห์ล่าสุด (2026-05-11 ถึง 2026-05-17) โดยสรุปอย่างน้อย Top 3 โครงการ/พื้นที่ที่เกี่ยวข้องกับ ""พื้นที่ข้าวโพด"" พร้อมค่า <ตัวเลข> ไร่ ชื่อโครงการ/พื้นที่ และไม่ถามย้อนกลับให้ผู้ใช้ระบุ id เพิ่ม — (ต้องมีคำว่า: แปลง)",สรุปผลแบบเปรียบเทียบ/จัดอันดับ (เช่น Top 3) ไม่ใช่ถามย้อนกลับ|มีตัวเลขพร้อมหน่วย ไร่|มีชื่อโครงการ/พื้นที่อย่างน้อย 3 รายการ และระบุว่าเป็นสัปดาห์ล่าสุดหรือสัปดาห์ก่อน,aggregate
132,Top 3 โครงการ/พื้นที่ที่พื้นที่มันสำปะหลังสูงสุด สัปดาห์ล่าสุด คืออะไร และมีค่าเท่าไร (ไร่)?,"ควรสรุปจาก dashboard วิเคราะห์ (simsat) สัปดาห์ล่าสุด (2026-05-11 ถึง 2026-05-17) โดยสรุปอย่างน้อย Top 3 โครงการ/พื้นที่ที่เกี่ยวข้องกับ ""พื้นที่มันสำปะหลัง"" พร้อมค่า <ตัวเลข> ไร่ ชื่อโครงการ/พื้นที่ และไม่ถามย้อนกลับให้ผู้ใช้ระบุ id เพิ่ม — (ต้องมีคำว่า: แปลง)",สรุปผลแบบเปรียบเทียบ/จัดอันดับ (เช่น Top 3) ไม่ใช่ถามย้อนกลับ|มีตัวเลขพร้อมหน่วย ไร่|มีชื่อโครงการ/พื้นที่อย่างน้อย 3 รายการ และระบุว่าเป็นสัปดาห์ล่าสุดหรือสัปดาห์ก่อน,aggregate
133,"พื้นที่ตามข้อมูล LDD (ไร่) ของ""rid4"" สัปดาห์ก่อนเป็นเท่าไร?","ตอบจาก dashboard วิเคราะห์ (simsat) ของ ""rid4"" — สัปดาห์ก่อน (2026-05-04 ถึง 2026-05-10) — โดยรายงานพื้นที่ตามข้อมูล LDD = <ตัวเลข> ไร่ — อ้างอิง farmplot_batch_id 5c388852-6015-4cf6-8714-3c435b8ae317 — ยืนยันหน่วยให้ตรงกับคำถาม และสรุปสั้นกระชับ — (ต้องมีคำว่า: แปลง)",มีชื่อโครงการ/ชื่อพื้นที่ (plot_name) ที่ถูกถามในคำตอบ|มีตัวเลขพร้อมหน่วย ไร่|ระบุว่าเป็นสัปดาห์ล่าสุดหรือสัปดาห์ก่อน และช่วงวันที่ที่อ้างอิง,specific
134,Top 3 โครงการ/พื้นที่ที่พื้นที่ที่ใช้ในการวิเคราะห์สูงสุด สัปดาห์ล่าสุด คืออะไร และมีค่าเท่าไร (ไร่)?,"ควรสรุปจาก dashboard วิเคราะห์ (simsat) สัปดาห์ล่าสุด (2026-05-11 ถึง 2026-05-17) โดยสรุปอย่างน้อย Top 3 โครงการ/พื้นที่ที่เกี่ยวข้องกับ ""พื้นที่ที่ใช้ในการวิเคราะห์"" พร้อมค่า <ตัวเลข> ไร่ ชื่อโครงการ/พื้นที่ และไม่ถามย้อนกลับให้ผู้ใช้ระบุ id เพิ่ม — (ต้องมีคำว่า: แปลง)",สรุปผลแบบเปรียบเทียบ/จัดอันดับ (เช่น Top 3) ไม่ใช่ถามย้อนกลับ|มีตัวเลขพร้อมหน่วย ไร่|มีชื่อโครงการ/พื้นที่อย่างน้อย 3 รายการ และระบุว่าเป็นสัปดาห์ล่าสุดหรือสัปดาห์ก่อน,aggregate
135,"ปริมาณการใช้น้ำรวม 4 ประเภททั้งหมด - 14 วันข้างหน้า (ลบ.ม./วินาที) ของ""โครงการชลประทานแพร่"" สัปดาห์ล่าสุดเป็นเท่าไร?","ตอบจาก dashboard วิเคราะห์ (simsat) ของ ""โครงการชลประทานแพร่"" — สัปดาห์ล่าสุด (2026-05-11 ถึง 2026-05-17) — โดยรายงานปริมาณการใช้น้ำรวม 4 ประเภททั้งหมด - 14 วันข้างหน้า = <ตัวเลข> ลบ.ม./วินาที — อ้างอิง farmplot_batch_id ee44f6fc-c1aa-44a0-8f61-fd2e82befad6 — ยืนยันหน่วยให้ตรงกับคำถาม และสรุปสั้นกระชับ — (ต้องมีคำว่า: พยากรณ์)",มีชื่อโครงการ/ชื่อพื้นที่ (plot_name) ที่ถูกถามในคำตอบ|มีตัวเลขพร้อมหน่วย ลบ.ม./วินาที|ระบุว่าเป็นสัปดาห์ล่าสุดหรือสัปดาห์ก่อน และช่วงวันที่ที่อ้างอิง,specific
136,"พื้นที่มันสำปะหลัง (ไร่) ของ""โครงการส่งน้ำและบำรุงรักษาแม่ยม"" สัปดาห์ก่อนเป็นเท่าไร?","ตอบจาก dashboard วิเคราะห์ (simsat) ของ ""โครงการส่งน้ำและบำรุงรักษาแม่ยม"" — สัปดาห์ก่อน (2026-05-04 ถึง 2026-05-10) — โดยรายงานพื้นที่มันสำปะหลัง = <ตัวเลข> ไร่ — อ้างอิง farmplot_batch_id bce73258-fa11-4827-ba5d-937c3b471a12 — ยืนยันหน่วยให้ตรงกับคำถาม และสรุปสั้นกระชับ — (ต้องมีคำว่า: แปลง)",มีชื่อโครงการ/ชื่อพื้นที่ (plot_name) ที่ถูกถามในคำตอบ|มีตัวเลขพร้อมหน่วย ไร่|ระบุว่าเป็นสัปดาห์ล่าสุดหรือสัปดาห์ก่อน และช่วงวันที่ที่อ้างอิง,specific
137,"ปริมาณการใช้น้ำรวม 4 ประเภททั้งหมด - รวมประสิทธิภาพชลประทาน (ลบ.ม./วินาที) ของ""โครงการชลประทานตาก"" สัปดาห์ล่าสุดเป็นเท่าไร?","ตอบจาก dashboard วิเคราะห์ (simsat) ของ ""โครงการชลประทานตาก"" — สัปดาห์ล่าสุด (2026-05-11 ถึง 2026-05-17) — โดยรายงานปริมาณการใช้น้ำรวม 4 ประเภททั้งหมด - รวมประสิทธิภาพชลประทาน = <ตัวเลข> ลบ.ม./วินาที — อ้างอิง farmplot_batch_id a0292383-4653-4d0c-b8f0-cf1ddd5f3bb1 — ยืนยันหน่วยให้ตรงกับคำถาม และสรุปสั้นกระชับ",มีชื่อโครงการ/ชื่อพื้นที่ (plot_name) ที่ถูกถามในคำตอบ|มีตัวเลขพร้อมหน่วย ลบ.ม./วินาที|ระบุว่าเป็นสัปดาห์ล่าสุดหรือสัปดาห์ก่อน และช่วงวันที่ที่อ้างอิง,specific
138,"ปริมาณการใช้น้ำรวม 4 ประเภททั้งหมด - 14 วันข้างหน้า (ลบ.ม./วินาที) ของ""โครงการชลประทานตาก"" สัปดาห์ก่อน เทียบกับสัปดาห์ล่าสุดต่างกันเท่าไร?","ควรตอบจาก dashboard วิเคราะห์ (simsat) ของ ""โครงการชลประทานตาก"" โดยให้ค่าปริมาณการใช้น้ำรวม 4 ประเภททั้งหมด - 14 วันข้างหน้า สัปดาห์ก่อน (2026-05-04 ถึง 2026-05-10) = <ตัวเลข> ลบ.ม./วินาที และสัปดาห์ล่าสุด (2026-05-11 ถึง 2026-05-17) = <ตัวเลข> ลบ.ม./วินาที พร้อมสรุปว่าเพิ่ม/ลดเท่าไร (หน่วย ลบ.ม./วินาที) — (ต้องมีคำว่า: พยากรณ์)",มีชื่อโครงการ/ชื่อพื้นที่ (plot_name) ที่ถูกถามในคำตอบ|มีตัวเลขพร้อมหน่วย ลบ.ม./วินาที|ระบุว่าเป็นสัปดาห์ล่าสุดหรือสัปดาห์ก่อน และช่วงวันที่ที่อ้างอิง,specific
139,"ปริมาณการใช้น้ำรวม 4 ประเภททั้งหมด - รวมประสิทธิภาพชลประทาน (ลบ.ม./วินาที) ของ""โครงการส่งน้ำและบำรุงรักษาสุโขทัย"" สัปดาห์ล่าสุดเป็นเท่าไร?","ตอบจาก dashboard วิเคราะห์ (simsat) ของ ""โครงการส่งน้ำและบำรุงรักษาสุโขทัย"" — สัปดาห์ล่าสุด (2026-05-11 ถึง 2026-05-17) — โดยรายงานปริมาณการใช้น้ำรวม 4 ประเภททั้งหมด - รวมประสิทธิภาพชลประทาน = <ตัวเลข> ลบ.ม./วินาที — อ้างอิง farmplot_batch_id 10fabd4d-633b-4448-bc25-4dc3aa4cdee8 — ยืนยันหน่วยให้ตรงกับคำถาม และสรุปสั้นกระชับ",มีชื่อโครงการ/ชื่อพื้นที่ (plot_name) ที่ถูกถามในคำตอบ|มีตัวเลขพร้อมหน่วย ลบ.ม./วินาที|ระบุว่าเป็นสัปดาห์ล่าสุดหรือสัปดาห์ก่อน และช่วงวันที่ที่อ้างอิง,specific
140,Top 3 โครงการ/พื้นที่ที่พื้นที่ตามข้อมูล RIDสูงสุด สัปดาห์ก่อน คืออะไร และมีค่าเท่าไร (ไร่)?,"ควรสรุปจาก dashboard วิเคราะห์ (simsat) สัปดาห์ก่อน (2026-05-04 ถึง 2026-05-10) โดยสรุปอย่างน้อย Top 3 โครงการ/พื้นที่ที่เกี่ยวข้องกับ ""พื้นที่ตามข้อมูล RID"" พร้อมค่า <ตัวเลข> ไร่ ชื่อโครงการ/พื้นที่ และไม่ถามย้อนกลับให้ผู้ใช้ระบุ id เพิ่ม — (ต้องมีคำว่า: แปลง)",สรุปผลแบบเปรียบเทียบ/จัดอันดับ (เช่น Top 3) ไม่ใช่ถามย้อนกลับ|มีตัวเลขพร้อมหน่วย ไร่|มีชื่อโครงการ/พื้นที่อย่างน้อย 3 รายการ และระบุว่าเป็นสัปดาห์ล่าสุดหรือสัปดาห์ก่อน,aggregate
141,Top 3 โครงการ/พื้นที่ที่ปริมาณการใช้น้ำรวม 4 ประเภททั้งหมด - 14 วันข้างหน้าสูงสุด สัปดาห์ล่าสุด คืออะไร และมีค่าเท่าไร (ลบ.ม./วินาที)?,"ควรสรุปจาก dashboard วิเคราะห์ (simsat) สัปดาห์ล่าสุด (2026-05-11 ถึง 2026-05-17) โดยสรุปอย่างน้อย Top 3 โครงการ/พื้นที่ที่เกี่ยวข้องกับ ""ปริมาณการใช้น้ำรวม 4 ประเภททั้งหมด - 14 วันข้างหน้า"" พร้อมค่า <ตัวเลข> ลบ.ม./วินาที ชื่อโครงการ/พื้นที่ และไม่ถามย้อนกลับให้ผู้ใช้ระบุ id เพิ่ม — (ต้องมีคำว่า: พยากรณ์)",สรุปผลแบบเปรียบเทียบ/จัดอันดับ (เช่น Top 3) ไม่ใช่ถามย้อนกลับ|มีตัวเลขพร้อมหน่วย ลบ.ม./วินาที|มีชื่อโครงการ/พื้นที่อย่างน้อย 3 รายการ และระบุว่าเป็นสัปดาห์ล่าสุดหรือสัปดาห์ก่อน,aggregate
142,"พื้นที่ข้าวโพด (ไร่) ของ""โครงการส่งน้ำและบำรุงรักษาวังยาง - หนองขวัญ"" สัปดาห์ก่อนเป็นเท่าไร (อ้างอิง id 74513790-a4a8-4ed3-950c-5ff147827f20)?","ตอบจาก dashboard วิเคราะห์ (simsat) ของ ""โครงการส่งน้ำและบำรุงรักษาวังยาง - หนองขวัญ"" — สัปดาห์ก่อน (2026-05-04 ถึง 2026-05-10) — โดยรายงานพื้นที่ข้าวโพด = <ตัวเลข> ไร่ — อ้างอิง farmplot_batch_id 74513790-a4a8-4ed3-950c-5ff147827f20 — ยืนยันหน่วยให้ตรงกับคำถาม และสรุปสั้นกระชับ — (ต้องมีคำว่า: แปลง)",มีชื่อโครงการ/ชื่อพื้นที่ (plot_name) ที่ถูกถามในคำตอบ|มีตัวเลขพร้อมหน่วย ไร่|ระบุว่าเป็นสัปดาห์ล่าสุดหรือสัปดาห์ก่อน และช่วงวันที่ที่อ้างอิง,specific
143,"พื้นที่ตามข้อมูล RID (ไร่) ของ""โครงการส่งน้ำและบำรุงรักษาวังยาง - หนองขวัญ"" สัปดาห์ก่อนเป็นเท่าไร (อ้างอิง id 74513790-a4a8-4ed3-950c-5ff147827f20)?","ตอบจาก dashboard วิเคราะห์ (simsat) ของ ""โครงการส่งน้ำและบำรุงรักษาวังยาง - หนองขวัญ"" — สัปดาห์ก่อน (2026-05-04 ถึง 2026-05-10) — โดยรายงานพื้นที่ตามข้อมูล RID = <ตัวเลข> ไร่ — อ้างอิง farmplot_batch_id 74513790-a4a8-4ed3-950c-5ff147827f20 — ยืนยันหน่วยให้ตรงกับคำถาม และสรุปสั้นกระชับ — (ต้องมีคำว่า: แปลง)",มีชื่อโครงการ/ชื่อพื้นที่ (plot_name) ที่ถูกถามในคำตอบ|มีตัวเลขพร้อมหน่วย ไร่|ระบุว่าเป็นสัปดาห์ล่าสุดหรือสัปดาห์ก่อน และช่วงวันที่ที่อ้างอิง,specific
144,Top 3 โครงการ/พื้นที่ที่พื้นที่ตามข้อมูล LDDสูงสุด สัปดาห์ก่อน คืออะไร และมีค่าเท่าไร (ไร่)?,"ควรสรุปจาก dashboard วิเคราะห์ (simsat) สัปดาห์ก่อน (2026-05-04 ถึง 2026-05-10) โดยสรุปอย่างน้อย Top 3 โครงการ/พื้นที่ที่เกี่ยวข้องกับ ""พื้นที่ตามข้อมูล LDD"" พร้อมค่า <ตัวเลข> ไร่ ชื่อโครงการ/พื้นที่ และไม่ถามย้อนกลับให้ผู้ใช้ระบุ id เพิ่ม — (ต้องมีคำว่า: แปลง)",สรุปผลแบบเปรียบเทียบ/จัดอันดับ (เช่น Top 3) ไม่ใช่ถามย้อนกลับ|มีตัวเลขพร้อมหน่วย ไร่|มีชื่อโครงการ/พื้นที่อย่างน้อย 3 รายการ และระบุว่าเป็นสัปดาห์ล่าสุดหรือสัปดาห์ก่อน,aggregate
145,"พื้นที่ตามข้อมูล RID (ไร่) ของ""โครงการชลประทานแพร่"" สัปดาห์ล่าสุดเป็นเท่าไร?","ตอบจาก dashboard วิเคราะห์ (simsat) ของ ""โครงการชลประทานแพร่"" — สัปดาห์ล่าสุด (2026-05-11 ถึง 2026-05-17) — โดยรายงานพื้นที่ตามข้อมูล RID = <ตัวเลข> ไร่ — อ้างอิง farmplot_batch_id ee44f6fc-c1aa-44a0-8f61-fd2e82befad6 — ยืนยันหน่วยให้ตรงกับคำถาม และสรุปสั้นกระชับ — (ต้องมีคำว่า: แปลง)",มีชื่อโครงการ/ชื่อพื้นที่ (plot_name) ที่ถูกถามในคำตอบ|มีตัวเลขพร้อมหน่วย ไร่|ระบุว่าเป็นสัปดาห์ล่าสุดหรือสัปดาห์ก่อน และช่วงวันที่ที่อ้างอิง,specific
146,"พื้นที่ตามข้อมูล LDD (ไร่) ของ""โครงการชลประทานสุโขทัย"" สัปดาห์ล่าสุดเป็นเท่าไร?","ตอบจาก dashboard วิเคราะห์ (simsat) ของ ""โครงการชลประทานสุโขทัย"" — สัปดาห์ล่าสุด (2026-05-11 ถึง 2026-05-17) — โดยรายงานพื้นที่ตามข้อมูล LDD = <ตัวเลข> ไร่ — อ้างอิง farmplot_batch_id e98d2019-210d-497e-9884-d530f1e717b8 — ยืนยันหน่วยให้ตรงกับคำถาม และสรุปสั้นกระชับ — (ต้องมีคำว่า: แปลง)",มีชื่อโครงการ/ชื่อพื้นที่ (plot_name) ที่ถูกถามในคำตอบ|มีตัวเลขพร้อมหน่วย ไร่|ระบุว่าเป็นสัปดาห์ล่าสุดหรือสัปดาห์ก่อน และช่วงวันที่ที่อ้างอิง,specific
147,Top 3 โครงการ/พื้นที่ที่พื้นที่มันสำปะหลังสูงสุด สัปดาห์ก่อน คืออะไร และมีค่าเท่าไร (ไร่)?,"ควรสรุปจาก dashboard วิเคราะห์ (simsat) สัปดาห์ก่อน (2026-05-04 ถึง 2026-05-10) โดยสรุปอย่างน้อย Top 3 โครงการ/พื้นที่ที่เกี่ยวข้องกับ ""พื้นที่มันสำปะหลัง"" พร้อมค่า <ตัวเลข> ไร่ ชื่อโครงการ/พื้นที่ และไม่ถามย้อนกลับให้ผู้ใช้ระบุ id เพิ่ม — (ต้องมีคำว่า: แปลง)",สรุปผลแบบเปรียบเทียบ/จัดอันดับ (เช่น Top 3) ไม่ใช่ถามย้อนกลับ|มีตัวเลขพร้อมหน่วย ไร่|มีชื่อโครงการ/พื้นที่อย่างน้อย 3 รายการ และระบุว่าเป็นสัปดาห์ล่าสุดหรือสัปดาห์ก่อน,aggregate
148,"พื้นที่ตามข้อมูล RID (ไร่) ของ""โครงการส่งน้ำและบำรุงรักษาวังยาง - หนองขวัญ"" สัปดาห์ล่าสุดเป็นเท่าไร (อ้างอิง id 74513790-a4a8-4ed3-950c-5ff147827f20)?","ตอบจาก dashboard วิเคราะห์ (simsat) ของ ""โครงการส่งน้ำและบำรุงรักษาวังยาง - หนองขวัญ"" — สัปดาห์ล่าสุด (2026-05-11 ถึง 2026-05-17) — โดยรายงานพื้นที่ตามข้อมูล RID = <ตัวเลข> ไร่ — อ้างอิง farmplot_batch_id 74513790-a4a8-4ed3-950c-5ff147827f20 — ยืนยันหน่วยให้ตรงกับคำถาม และสรุปสั้นกระชับ — (ต้องมีคำว่า: แปลง)",มีชื่อโครงการ/ชื่อพื้นที่ (plot_name) ที่ถูกถามในคำตอบ|มีตัวเลขพร้อมหน่วย ไร่|ระบุว่าเป็นสัปดาห์ล่าสุดหรือสัปดาห์ก่อน และช่วงวันที่ที่อ้างอิง,specific
149,"พื้นที่ตามข้อมูล LDD (ไร่) ของ""โครงการชลประทานกำแพงเพชร"" สัปดาห์ก่อน เทียบกับสัปดาห์ล่าสุดต่างกันเท่าไร?","ควรตอบจาก dashboard วิเคราะห์ (simsat) ของ ""โครงการชลประทานกำแพงเพชร"" โดยให้ค่าพื้นที่ตามข้อมูล LDD สัปดาห์ก่อน (2026-05-04 ถึง 2026-05-10) = <ตัวเลข> ไร่ และสัปดาห์ล่าสุด (2026-05-11 ถึง 2026-05-17) = <ตัวเลข> ไร่ พร้อมสรุปว่าเพิ่ม/ลดเท่าไร (หน่วย ไร่) — (ต้องมีคำว่า: แปลง)",มีชื่อโครงการ/ชื่อพื้นที่ (plot_name) ที่ถูกถามในคำตอบ|มีตัวเลขพร้อมหน่วย ไร่|ระบุว่าเป็นสัปดาห์ล่าสุดหรือสัปดาห์ก่อน และช่วงวันที่ที่อ้างอิง,specific
150,"พื้นที่ข้าวโพด (ไร่) ของ""rid4"" สัปดาห์ล่าสุดเป็นเท่าไร?","ตอบจาก dashboard วิเคราะห์ (simsat) ของ ""rid4"" — สัปดาห์ล่าสุด (2026-05-11 ถึง 2026-05-17) — โดยรายงานพื้นที่ข้าวโพด = <ตัวเลข> ไร่ — อ้างอิง farmplot_batch_id 5c388852-6015-4cf6-8714-3c435b8ae317 — ยืนยันหน่วยให้ตรงกับคำถาม และสรุปสั้นกระชับ — (ต้องมีคำว่า: แปลง)",มีชื่อโครงการ/ชื่อพื้นที่ (plot_name) ที่ถูกถามในคำตอบ|มีตัวเลขพร้อมหน่วย ไร่|ระบุว่าเป็นสัปดาห์ล่าสุดหรือสัปดาห์ก่อน และช่วงวันที่ที่อ้างอิง,specific
151,"พื้นที่ที่ใช้ในการวิเคราะห์ (ไร่) ของ""โครงการส่งน้ำและบำรุงรักษาแม่ยม"" สัปดาห์ก่อนเป็นเท่าไร?","ตอบจาก dashboard วิเคราะห์ (simsat) ของ ""โครงการส่งน้ำและบำรุงรักษาแม่ยม"" — สัปดาห์ก่อน (2026-05-04 ถึง 2026-05-10) — โดยรายงานพื้นที่ที่ใช้ในการวิเคราะห์ = <ตัวเลข> ไร่ — อ้างอิง farmplot_batch_id bce73258-fa11-4827-ba5d-937c3b471a12 — ยืนยันหน่วยให้ตรงกับคำถาม และสรุปสั้นกระชับ — (ต้องมีคำว่า: แปลง)",มีชื่อโครงการ/ชื่อพื้นที่ (plot_name) ที่ถูกถามในคำตอบ|มีตัวเลขพร้อมหน่วย ไร่|ระบุว่าเป็นสัปดาห์ล่าสุดหรือสัปดาห์ก่อน และช่วงวันที่ที่อ้างอิง,specific
152,"พื้นที่ตามข้อมูล RID (ไร่) ของ""โครงการส่งน้ำและบำรุงรักษาวังบัว"" สัปดาห์ล่าสุดเป็นเท่าไร?","ตอบจาก dashboard วิเคราะห์ (simsat) ของ ""โครงการส่งน้ำและบำรุงรักษาวังบัว"" — สัปดาห์ล่าสุด (2026-05-11 ถึง 2026-05-17) — โดยรายงานพื้นที่ตามข้อมูล RID = <ตัวเลข> ไร่ — อ้างอิง farmplot_batch_id a1b187ac-b5f4-4ced-8591-b4b3cc09d63a — ยืนยันหน่วยให้ตรงกับคำถาม และสรุปสั้นกระชับ — (ต้องมีคำว่า: แปลง)",มีชื่อโครงการ/ชื่อพื้นที่ (plot_name) ที่ถูกถามในคำตอบ|มีตัวเลขพร้อมหน่วย ไร่|ระบุว่าเป็นสัปดาห์ล่าสุดหรือสัปดาห์ก่อน และช่วงวันที่ที่อ้างอิง,specific
153,"พื้นที่ข้าวโพด (ไร่) ของ""โครงการชลประทานตาก"" สัปดาห์ก่อนเป็นเท่าไร?","ตอบจาก dashboard วิเคราะห์ (simsat) ของ ""โครงการชลประทานตาก"" — สัปดาห์ก่อน (2026-05-04 ถึง 2026-05-10) — โดยรายงานพื้นที่ข้าวโพด = <ตัวเลข> ไร่ — อ้างอิง farmplot_batch_id a0292383-4653-4d0c-b8f0-cf1ddd5f3bb1 — ยืนยันหน่วยให้ตรงกับคำถาม และสรุปสั้นกระชับ — (ต้องมีคำว่า: แปลง)",มีชื่อโครงการ/ชื่อพื้นที่ (plot_name) ที่ถูกถามในคำตอบ|มีตัวเลขพร้อมหน่วย ไร่|ระบุว่าเป็นสัปดาห์ล่าสุดหรือสัปดาห์ก่อน และช่วงวันที่ที่อ้างอิง,specific
154,"พื้นที่ข้าวโพด (ไร่) ของ""โครงการส่งน้ำและบำรุงรักษาวังยาง - หนองขวัญ"" สัปดาห์ก่อนเป็นเท่าไร?","ตอบจาก dashboard วิเคราะห์ (simsat) ของ ""โครงการส่งน้ำและบำรุงรักษาวังยาง - หนองขวัญ"" — สัปดาห์ก่อน (2026-05-04 ถึง 2026-05-10) — โดยรายงานพื้นที่ข้าวโพด = <ตัวเลข> ไร่ — อ้างอิง farmplot_batch_id 74513790-a4a8-4ed3-950c-5ff147827f20 — ยืนยันหน่วยให้ตรงกับคำถาม และสรุปสั้นกระชับ — (ต้องมีคำว่า: แปลง)",มีชื่อโครงการ/ชื่อพื้นที่ (plot_name) ที่ถูกถามในคำตอบ|มีตัวเลขพร้อมหน่วย ไร่|ระบุว่าเป็นสัปดาห์ล่าสุดหรือสัปดาห์ก่อน และช่วงวันที่ที่อ้างอิง,specific
155,"พื้นที่ตามข้อมูล RID (ไร่) ของ""โครงการชลประทานสุโขทัย"" สัปดาห์ก่อน เทียบกับสัปดาห์ล่าสุดต่างกันเท่าไร?","ควรตอบจาก dashboard วิเคราะห์ (simsat) ของ ""โครงการชลประทานสุโขทัย"" โดยให้ค่าพื้นที่ตามข้อมูล RID สัปดาห์ก่อน (2026-05-04 ถึง 2026-05-10) = <ตัวเลข> ไร่ และสัปดาห์ล่าสุด (2026-05-11 ถึง 2026-05-17) = <ตัวเลข> ไร่ พร้อมสรุปว่าเพิ่ม/ลดเท่าไร (หน่วย ไร่) — (ต้องมีคำว่า: แปลง)",มีชื่อโครงการ/ชื่อพื้นที่ (plot_name) ที่ถูกถามในคำตอบ|มีตัวเลขพร้อมหน่วย ไร่|ระบุว่าเป็นสัปดาห์ล่าสุดหรือสัปดาห์ก่อน และช่วงวันที่ที่อ้างอิง,specific
156,Top 3 โครงการ/พื้นที่ที่พื้นที่ที่ใช้ในการวิเคราะห์สูงสุด สัปดาห์ก่อน คืออะไร และมีค่าเท่าไร (ไร่)?,"ควรสรุปจาก dashboard วิเคราะห์ (simsat) สัปดาห์ก่อน (2026-05-04 ถึง 2026-05-10) โดยสรุปอย่างน้อย Top 3 โครงการ/พื้นที่ที่เกี่ยวข้องกับ ""พื้นที่ที่ใช้ในการวิเคราะห์"" พร้อมค่า <ตัวเลข> ไร่ ชื่อโครงการ/พื้นที่ และไม่ถามย้อนกลับให้ผู้ใช้ระบุ id เพิ่ม — (ต้องมีคำว่า: แปลง)",สรุปผลแบบเปรียบเทียบ/จัดอันดับ (เช่น Top 3) ไม่ใช่ถามย้อนกลับ|มีตัวเลขพร้อมหน่วย ไร่|มีชื่อโครงการ/พื้นที่อย่างน้อย 3 รายการ และระบุว่าเป็นสัปดาห์ล่าสุดหรือสัปดาห์ก่อน,aggregate
157,"พื้นที่ตามข้อมูล LDD (ไร่) ของ""โครงการชลประทานตาก"" สัปดาห์ก่อนเป็นเท่าไร?","ตอบจาก dashboard วิเคราะห์ (simsat) ของ ""โครงการชลประทานตาก"" — สัปดาห์ก่อน (2026-05-04 ถึง 2026-05-10) — โดยรายงานพื้นที่ตามข้อมูล LDD = <ตัวเลข> ไร่ — อ้างอิง farmplot_batch_id a0292383-4653-4d0c-b8f0-cf1ddd5f3bb1 — ยืนยันหน่วยให้ตรงกับคำถาม และสรุปสั้นกระชับ — (ต้องมีคำว่า: แปลง)",มีชื่อโครงการ/ชื่อพื้นที่ (plot_name) ที่ถูกถามในคำตอบ|มีตัวเลขพร้อมหน่วย ไร่|ระบุว่าเป็นสัปดาห์ล่าสุดหรือสัปดาห์ก่อน และช่วงวันที่ที่อ้างอิง,specific
158,"ปริมาณการใช้น้ำรวม 4 ประเภททั้งหมด - 7 วันข้างหน้า (ลบ.ม./วินาที) ของ""โครงการส่งน้ำและบำรุงรักษาท่อทองแดง"" สัปดาห์ก่อนเป็นเท่าไร?","ตอบจาก dashboard วิเคราะห์ (simsat) ของ ""โครงการส่งน้ำและบำรุงรักษาท่อทองแดง"" — สัปดาห์ก่อน (2026-05-04 ถึง 2026-05-10) — โดยรายงานปริมาณการใช้น้ำรวม 4 ประเภททั้งหมด - 7 วันข้างหน้า = <ตัวเลข> ลบ.ม./วินาที — อ้างอิง farmplot_batch_id b6e7bd3b-f170-4408-bbec-e8ee54e3d382 — ยืนยันหน่วยให้ตรงกับคำถาม และสรุปสั้นกระชับ — (ต้องมีคำว่า: พยากรณ์)",มีชื่อโครงการ/ชื่อพื้นที่ (plot_name) ที่ถูกถามในคำตอบ|มีตัวเลขพร้อมหน่วย ลบ.ม./วินาที|ระบุว่าเป็นสัปดาห์ล่าสุดหรือสัปดาห์ก่อน และช่วงวันที่ที่อ้างอิง,specific
159,Top 3 โครงการ/พื้นที่ที่พื้นที่อ้อยสูงสุด สัปดาห์ล่าสุด คืออะไร และมีค่าเท่าไร (ไร่)?,"ควรสรุปจาก dashboard วิเคราะห์ (simsat) สัปดาห์ล่าสุด (2026-05-11 ถึง 2026-05-17) โดยสรุปอย่างน้อย Top 3 โครงการ/พื้นที่ที่เกี่ยวข้องกับ ""พื้นที่อ้อย"" พร้อมค่า <ตัวเลข> ไร่ ชื่อโครงการ/พื้นที่ และไม่ถามย้อนกลับให้ผู้ใช้ระบุ id เพิ่ม — (ต้องมีคำว่า: แปลง)",สรุปผลแบบเปรียบเทียบ/จัดอันดับ (เช่น Top 3) ไม่ใช่ถามย้อนกลับ|มีตัวเลขพร้อมหน่วย ไร่|มีชื่อโครงการ/พื้นที่อย่างน้อย 3 รายการ และระบุว่าเป็นสัปดาห์ล่าสุดหรือสัปดาห์ก่อน,aggregate
160,"พื้นที่ตามข้อมูล RID (ไร่) ของ""โครงการชลประทานกำแพงเพชร"" สัปดาห์ล่าสุดเป็นเท่าไร (อ้างอิง id df4b8eda-7cc0-40fb-9684-c01557ddd87a)?","ตอบจาก dashboard วิเคราะห์ (simsat) ของ ""โครงการชลประทานกำแพงเพชร"" — สัปดาห์ล่าสุด (2026-05-11 ถึง 2026-05-17) — โดยรายงานพื้นที่ตามข้อมูล RID = <ตัวเลข> ไร่ — อ้างอิง farmplot_batch_id df4b8eda-7cc0-40fb-9684-c01557ddd87a — ยืนยันหน่วยให้ตรงกับคำถาม และสรุปสั้นกระชับ — (ต้องมีคำว่า: แปลง)",มีชื่อโครงการ/ชื่อพื้นที่ (plot_name) ที่ถูกถามในคำตอบ|มีตัวเลขพร้อมหน่วย ไร่|ระบุว่าเป็นสัปดาห์ล่าสุดหรือสัปดาห์ก่อน และช่วงวันที่ที่อ้างอิง,specific
161,"พื้นที่ข้าว (ไร่) ของ""โครงการชลประทานสุโขทัย"" สัปดาห์ก่อนเป็นเท่าไร?","ตอบจาก dashboard วิเคราะห์ (simsat) ของ ""โครงการชลประทานสุโขทัย"" — สัปดาห์ก่อน (2026-05-04 ถึง 2026-05-10) — โดยรายงานพื้นที่ข้าว = <ตัวเลข> ไร่ — อ้างอิง farmplot_batch_id e98d2019-210d-497e-9884-d530f1e717b8 — ยืนยันหน่วยให้ตรงกับคำถาม และสรุปสั้นกระชับ — (ต้องมีคำว่า: แปลง)",มีชื่อโครงการ/ชื่อพื้นที่ (plot_name) ที่ถูกถามในคำตอบ|มีตัวเลขพร้อมหน่วย ไร่|ระบุว่าเป็นสัปดาห์ล่าสุดหรือสัปดาห์ก่อน และช่วงวันที่ที่อ้างอิง,specific
162,Top 3 โครงการ/พื้นที่ที่พื้นที่อ้อยสูงสุด สัปดาห์ก่อน คืออะไร และมีค่าเท่าไร (ไร่)?,"ควรสรุปจาก dashboard วิเคราะห์ (simsat) สัปดาห์ก่อน (2026-05-04 ถึง 2026-05-10) โดยสรุปอย่างน้อย Top 3 โครงการ/พื้นที่ที่เกี่ยวข้องกับ ""พื้นที่อ้อย"" พร้อมค่า <ตัวเลข> ไร่ ชื่อโครงการ/พื้นที่ และไม่ถามย้อนกลับให้ผู้ใช้ระบุ id เพิ่ม — (ต้องมีคำว่า: แปลง)",สรุปผลแบบเปรียบเทียบ/จัดอันดับ (เช่น Top 3) ไม่ใช่ถามย้อนกลับ|มีตัวเลขพร้อมหน่วย ไร่|มีชื่อโครงการ/พื้นที่อย่างน้อย 3 รายการ และระบุว่าเป็นสัปดาห์ล่าสุดหรือสัปดาห์ก่อน,aggregate
163,Top 3 โครงการ/พื้นที่ที่ปริมาณการใช้น้ำรวม 4 ประเภททั้งหมด - 7 วันข้างหน้าสูงสุด สัปดาห์ก่อน คืออะไร และมีค่าเท่าไร (ลบ.ม./วินาที)?,"ควรสรุปจาก dashboard วิเคราะห์ (simsat) สัปดาห์ก่อน (2026-05-04 ถึง 2026-05-10) โดยสรุปอย่างน้อย Top 3 โครงการ/พื้นที่ที่เกี่ยวข้องกับ ""ปริมาณการใช้น้ำรวม 4 ประเภททั้งหมด - 7 วันข้างหน้า"" พร้อมค่า <ตัวเลข> ลบ.ม./วินาที ชื่อโครงการ/พื้นที่ และไม่ถามย้อนกลับให้ผู้ใช้ระบุ id เพิ่ม — (ต้องมีคำว่า: พยากรณ์)",สรุปผลแบบเปรียบเทียบ/จัดอันดับ (เช่น Top 3) ไม่ใช่ถามย้อนกลับ|มีตัวเลขพร้อมหน่วย ลบ.ม./วินาที|มีชื่อโครงการ/พื้นที่อย่างน้อย 3 รายการ และระบุว่าเป็นสัปดาห์ล่าสุดหรือสัปดาห์ก่อน,aggregate
164,"ปริมาณการใช้น้ำรวม 4 ประเภททั้งหมด - 14 วันข้างหน้า (ลบ.ม./วินาที) ของ""โครงการชลประทานสุโขทัย"" สัปดาห์ล่าสุดเป็นเท่าไร?","ตอบจาก dashboard วิเคราะห์ (simsat) ของ ""โครงการชลประทานสุโขทัย"" — สัปดาห์ล่าสุด (2026-05-11 ถึง 2026-05-17) — โดยรายงานปริมาณการใช้น้ำรวม 4 ประเภททั้งหมด - 14 วันข้างหน้า = <ตัวเลข> ลบ.ม./วินาที — อ้างอิง farmplot_batch_id e98d2019-210d-497e-9884-d530f1e717b8 — ยืนยันหน่วยให้ตรงกับคำถาม และสรุปสั้นกระชับ — (ต้องมีคำว่า: พยากรณ์)",มีชื่อโครงการ/ชื่อพื้นที่ (plot_name) ที่ถูกถามในคำตอบ|มีตัวเลขพร้อมหน่วย ลบ.ม./วินาที|ระบุว่าเป็นสัปดาห์ล่าสุดหรือสัปดาห์ก่อน และช่วงวันที่ที่อ้างอิง,specific
165,"พื้นที่ตามข้อมูล LDD (ไร่) ของ""โครงการชลประทานกำแพงเพชร"" สัปดาห์ล่าสุดเป็นเท่าไร?","ตอบจาก dashboard วิเคราะห์ (simsat) ของ ""โครงการชลประทานกำแพงเพชร"" — สัปดาห์ล่าสุด (2026-05-11 ถึง 2026-05-17) — โดยรายงานพื้นที่ตามข้อมูล LDD = <ตัวเลข> ไร่ — อ้างอิง farmplot_batch_id df4b8eda-7cc0-40fb-9684-c01557ddd87a — ยืนยันหน่วยให้ตรงกับคำถาม และสรุปสั้นกระชับ — (ต้องมีคำว่า: แปลง)",มีชื่อโครงการ/ชื่อพื้นที่ (plot_name) ที่ถูกถามในคำตอบ|มีตัวเลขพร้อมหน่วย ไร่|ระบุว่าเป็นสัปดาห์ล่าสุดหรือสัปดาห์ก่อน และช่วงวันที่ที่อ้างอิง,specific
166,"พื้นที่อ้อย (ไร่) ของ""โครงการส่งน้ำและบำรุงรักษาวังยาง - หนองขวัญ"" สัปดาห์ล่าสุดเป็นเท่าไร?","ตอบจาก dashboard วิเคราะห์ (simsat) ของ ""โครงการส่งน้ำและบำรุงรักษาวังยาง - หนองขวัญ"" — สัปดาห์ล่าสุด (2026-05-11 ถึง 2026-05-17) — โดยรายงานพื้นที่อ้อย = <ตัวเลข> ไร่ — อ้างอิง farmplot_batch_id 74513790-a4a8-4ed3-950c-5ff147827f20 — ยืนยันหน่วยให้ตรงกับคำถาม และสรุปสั้นกระชับ — (ต้องมีคำว่า: แปลง)",มีชื่อโครงการ/ชื่อพื้นที่ (plot_name) ที่ถูกถามในคำตอบ|มีตัวเลขพร้อมหน่วย ไร่|ระบุว่าเป็นสัปดาห์ล่าสุดหรือสัปดาห์ก่อน และช่วงวันที่ที่อ้างอิง,specific
167,"พื้นที่ตามข้อมูล RID (ไร่) ของ""โครงการชลประทานกำแพงเพชร"" สัปดาห์ล่าสุดเป็นเท่าไร (อ้างอิง id df4b8eda-7cc0-40fb-9684-c01557ddd87a)?","ตอบจาก dashboard วิเคราะห์ (simsat) ของ ""โครงการชลประทานกำแพงเพชร"" — สัปดาห์ล่าสุด (2026-05-11 ถึง 2026-05-17) — โดยรายงานพื้นที่ตามข้อมูล RID = <ตัวเลข> ไร่ — อ้างอิง farmplot_batch_id df4b8eda-7cc0-40fb-9684-c01557ddd87a — ยืนยันหน่วยให้ตรงกับคำถาม และสรุปสั้นกระชับ — (ต้องมีคำว่า: แปลง)",มีชื่อโครงการ/ชื่อพื้นที่ (plot_name) ที่ถูกถามในคำตอบ|มีตัวเลขพร้อมหน่วย ไร่|ระบุว่าเป็นสัปดาห์ล่าสุดหรือสัปดาห์ก่อน และช่วงวันที่ที่อ้างอิง,specific
168,"ปริมาณการใช้น้ำรวม 4 ประเภททั้งหมด - 14 วันข้างหน้า (ลบ.ม./วินาที) ของ""โครงการส่งน้ำและบำรุงรักษาสุโขทัย"" สัปดาห์ก่อนเป็นเท่าไร?","ตอบจาก dashboard วิเคราะห์ (simsat) ของ ""โครงการส่งน้ำและบำรุงรักษาสุโขทัย"" — สัปดาห์ก่อน (2026-05-04 ถึง 2026-05-10) — โดยรายงานปริมาณการใช้น้ำรวม 4 ประเภททั้งหมด - 14 วันข้างหน้า = <ตัวเลข> ลบ.ม./วินาที — อ้างอิง farmplot_batch_id 10fabd4d-633b-4448-bc25-4dc3aa4cdee8 — ยืนยันหน่วยให้ตรงกับคำถาม และสรุปสั้นกระชับ — (ต้องมีคำว่า: พยากรณ์)",มีชื่อโครงการ/ชื่อพื้นที่ (plot_name) ที่ถูกถามในคำตอบ|มีตัวเลขพร้อมหน่วย ลบ.ม./วินาที|ระบุว่าเป็นสัปดาห์ล่าสุดหรือสัปดาห์ก่อน และช่วงวันที่ที่อ้างอิง,specific
169,"พื้นที่มันสำปะหลัง (ไร่) ของ""โครงการชลประทานกำแพงเพชร"" สัปดาห์ก่อนเป็นเท่าไร?","ตอบจาก dashboard วิเคราะห์ (simsat) ของ ""โครงการชลประทานกำแพงเพชร"" — สัปดาห์ก่อน (2026-05-04 ถึง 2026-05-10) — โดยรายงานพื้นที่มันสำปะหลัง = <ตัวเลข> ไร่ — อ้างอิง farmplot_batch_id df4b8eda-7cc0-40fb-9684-c01557ddd87a — ยืนยันหน่วยให้ตรงกับคำถาม และสรุปสั้นกระชับ — (ต้องมีคำว่า: แปลง)",มีชื่อโครงการ/ชื่อพื้นที่ (plot_name) ที่ถูกถามในคำตอบ|มีตัวเลขพร้อมหน่วย ไร่|ระบุว่าเป็นสัปดาห์ล่าสุดหรือสัปดาห์ก่อน และช่วงวันที่ที่อ้างอิง,specific
170,"พื้นที่ที่ใช้ในการวิเคราะห์ (ไร่) ของ""โครงการชลประทานแพร่"" สัปดาห์ล่าสุดเป็นเท่าไร?","ตอบจาก dashboard วิเคราะห์ (simsat) ของ ""โครงการชลประทานแพร่"" — สัปดาห์ล่าสุด (2026-05-11 ถึง 2026-05-17) — โดยรายงานพื้นที่ที่ใช้ในการวิเคราะห์ = <ตัวเลข> ไร่ — อ้างอิง farmplot_batch_id ee44f6fc-c1aa-44a0-8f61-fd2e82befad6 — ยืนยันหน่วยให้ตรงกับคำถาม และสรุปสั้นกระชับ — (ต้องมีคำว่า: แปลง)",มีชื่อโครงการ/ชื่อพื้นที่ (plot_name) ที่ถูกถามในคำตอบ|มีตัวเลขพร้อมหน่วย ไร่|ระบุว่าเป็นสัปดาห์ล่าสุดหรือสัปดาห์ก่อน และช่วงวันที่ที่อ้างอิง,specific
171,"พื้นที่ที่ใช้ในการวิเคราะห์ (ไร่) ของ""โครงการส่งน้ำและบำรุงรักษาสุโขทัย"" สัปดาห์ก่อนเป็นเท่าไร?","ตอบจาก dashboard วิเคราะห์ (simsat) ของ ""โครงการส่งน้ำและบำรุงรักษาสุโขทัย"" — สัปดาห์ก่อน (2026-05-04 ถึง 2026-05-10) — โดยรายงานพื้นที่ที่ใช้ในการวิเคราะห์ = <ตัวเลข> ไร่ — อ้างอิง farmplot_batch_id 10fabd4d-633b-4448-bc25-4dc3aa4cdee8 — ยืนยันหน่วยให้ตรงกับคำถาม และสรุปสั้นกระชับ — (ต้องมีคำว่า: แปลง)",มีชื่อโครงการ/ชื่อพื้นที่ (plot_name) ที่ถูกถามในคำตอบ|มีตัวเลขพร้อมหน่วย ไร่|ระบุว่าเป็นสัปดาห์ล่าสุดหรือสัปดาห์ก่อน และช่วงวันที่ที่อ้างอิง,specific
172,Top 3 โครงการ/พื้นที่ที่พื้นที่มันสำปะหลังสูงสุด สัปดาห์ก่อน คืออะไร และมีค่าเท่าไร (ไร่)?,"ควรสรุปจาก dashboard วิเคราะห์ (simsat) สัปดาห์ก่อน (2026-05-04 ถึง 2026-05-10) โดยสรุปอย่างน้อย Top 3 โครงการ/พื้นที่ที่เกี่ยวข้องกับ ""พื้นที่มันสำปะหลัง"" พร้อมค่า <ตัวเลข> ไร่ ชื่อโครงการ/พื้นที่ และไม่ถามย้อนกลับให้ผู้ใช้ระบุ id เพิ่ม — (ต้องมีคำว่า: แปลง)",สรุปผลแบบเปรียบเทียบ/จัดอันดับ (เช่น Top 3) ไม่ใช่ถามย้อนกลับ|มีตัวเลขพร้อมหน่วย ไร่|มีชื่อโครงการ/พื้นที่อย่างน้อย 3 รายการ และระบุว่าเป็นสัปดาห์ล่าสุดหรือสัปดาห์ก่อน,aggregate
173,Top 3 โครงการ/พื้นที่ที่พื้นที่ที่ใช้ในการวิเคราะห์สูงสุด สัปดาห์ก่อน คืออะไร และมีค่าเท่าไร (ไร่)?,"ควรสรุปจาก dashboard วิเคราะห์ (simsat) สัปดาห์ก่อน (2026-05-04 ถึง 2026-05-10) โดยสรุปอย่างน้อย Top 3 โครงการ/พื้นที่ที่เกี่ยวข้องกับ ""พื้นที่ที่ใช้ในการวิเคราะห์"" พร้อมค่า <ตัวเลข> ไร่ ชื่อโครงการ/พื้นที่ และไม่ถามย้อนกลับให้ผู้ใช้ระบุ id เพิ่ม — (ต้องมีคำว่า: แปลง)",สรุปผลแบบเปรียบเทียบ/จัดอันดับ (เช่น Top 3) ไม่ใช่ถามย้อนกลับ|มีตัวเลขพร้อมหน่วย ไร่|มีชื่อโครงการ/พื้นที่อย่างน้อย 3 รายการ และระบุว่าเป็นสัปดาห์ล่าสุดหรือสัปดาห์ก่อน,aggregate
174,Top 3 โครงการ/พื้นที่ที่ปริมาณการใช้น้ำรวม 4 ประเภททั้งหมด - 14 วันข้างหน้าสูงสุด สัปดาห์ก่อน คืออะไร และมีค่าเท่าไร (ลบ.ม./วินาที)?,"ควรสรุปจาก dashboard วิเคราะห์ (simsat) สัปดาห์ก่อน (2026-05-04 ถึง 2026-05-10) โดยสรุปอย่างน้อย Top 3 โครงการ/พื้นที่ที่เกี่ยวข้องกับ ""ปริมาณการใช้น้ำรวม 4 ประเภททั้งหมด - 14 วันข้างหน้า"" พร้อมค่า <ตัวเลข> ลบ.ม./วินาที ชื่อโครงการ/พื้นที่ และไม่ถามย้อนกลับให้ผู้ใช้ระบุ id เพิ่ม — (ต้องมีคำว่า: พยากรณ์)",สรุปผลแบบเปรียบเทียบ/จัดอันดับ (เช่น Top 3) ไม่ใช่ถามย้อนกลับ|มีตัวเลขพร้อมหน่วย ลบ.ม./วินาที|มีชื่อโครงการ/พื้นที่อย่างน้อย 3 รายการ และระบุว่าเป็นสัปดาห์ล่าสุดหรือสัปดาห์ก่อน,aggregate
175,"พื้นที่ข้าว (ไร่) ของ""โครงการชลประทานสุโขทัย"" สัปดาห์ก่อนเป็นเท่าไร?","ตอบจาก dashboard วิเคราะห์ (simsat) ของ ""โครงการชลประทานสุโขทัย"" — สัปดาห์ก่อน (2026-05-04 ถึง 2026-05-10) — โดยรายงานพื้นที่ข้าว = <ตัวเลข> ไร่ — อ้างอิง farmplot_batch_id e98d2019-210d-497e-9884-d530f1e717b8 — ยืนยันหน่วยให้ตรงกับคำถาม และสรุปสั้นกระชับ — (ต้องมีคำว่า: แปลง)",มีชื่อโครงการ/ชื่อพื้นที่ (plot_name) ที่ถูกถามในคำตอบ|มีตัวเลขพร้อมหน่วย ไร่|ระบุว่าเป็นสัปดาห์ล่าสุดหรือสัปดาห์ก่อน และช่วงวันที่ที่อ้างอิง,specific
176,"พื้นที่ที่ใช้ในการวิเคราะห์ (ไร่) ของ""โครงการชลประทานตาก"" สัปดาห์ก่อน เทียบกับสัปดาห์ล่าสุดต่างกันเท่าไร?","ควรตอบจาก dashboard วิเคราะห์ (simsat) ของ ""โครงการชลประทานตาก"" โดยให้ค่าพื้นที่ที่ใช้ในการวิเคราะห์ สัปดาห์ก่อน (2026-05-04 ถึง 2026-05-10) = <ตัวเลข> ไร่ และสัปดาห์ล่าสุด (2026-05-11 ถึง 2026-05-17) = <ตัวเลข> ไร่ พร้อมสรุปว่าเพิ่ม/ลดเท่าไร (หน่วย ไร่) — (ต้องมีคำว่า: แปลง)",มีชื่อโครงการ/ชื่อพื้นที่ (plot_name) ที่ถูกถามในคำตอบ|มีตัวเลขพร้อมหน่วย ไร่|ระบุว่าเป็นสัปดาห์ล่าสุดหรือสัปดาห์ก่อน และช่วงวันที่ที่อ้างอิง,specific
177,Top 3 โครงการ/พื้นที่ที่พื้นที่ข้าวโพดสูงสุด สัปดาห์ล่าสุด คืออะไร และมีค่าเท่าไร (ไร่)?,"ควรสรุปจาก dashboard วิเคราะห์ (simsat) สัปดาห์ล่าสุด (2026-05-11 ถึง 2026-05-17) โดยสรุปอย่างน้อย Top 3 โครงการ/พื้นที่ที่เกี่ยวข้องกับ ""พื้นที่ข้าวโพด"" พร้อมค่า <ตัวเลข> ไร่ ชื่อโครงการ/พื้นที่ และไม่ถามย้อนกลับให้ผู้ใช้ระบุ id เพิ่ม — (ต้องมีคำว่า: แปลง)",สรุปผลแบบเปรียบเทียบ/จัดอันดับ (เช่น Top 3) ไม่ใช่ถามย้อนกลับ|มีตัวเลขพร้อมหน่วย ไร่|มีชื่อโครงการ/พื้นที่อย่างน้อย 3 รายการ และระบุว่าเป็นสัปดาห์ล่าสุดหรือสัปดาห์ก่อน,aggregate
178,"พื้นที่ข้าว (ไร่) ของ""rid4"" สัปดาห์ล่าสุดเป็นเท่าไร?","ตอบจาก dashboard วิเคราะห์ (simsat) ของ ""rid4"" — สัปดาห์ล่าสุด (2026-05-11 ถึง 2026-05-17) — โดยรายงานพื้นที่ข้าว = <ตัวเลข> ไร่ — อ้างอิง farmplot_batch_id 5c388852-6015-4cf6-8714-3c435b8ae317 — ยืนยันหน่วยให้ตรงกับคำถาม และสรุปสั้นกระชับ — (ต้องมีคำว่า: แปลง)",มีชื่อโครงการ/ชื่อพื้นที่ (plot_name) ที่ถูกถามในคำตอบ|มีตัวเลขพร้อมหน่วย ไร่|ระบุว่าเป็นสัปดาห์ล่าสุดหรือสัปดาห์ก่อน และช่วงวันที่ที่อ้างอิง,specific
179,"ปริมาณการใช้น้ำรวม 4 ประเภททั้งหมด - รวมประสิทธิภาพชลประทาน (ลบ.ม./วินาที) ของ""โครงการส่งน้ำและบำรุงรักษาแม่ยม"" สัปดาห์ก่อนเป็นเท่าไร?","ตอบจาก dashboard วิเคราะห์ (simsat) ของ ""โครงการส่งน้ำและบำรุงรักษาแม่ยม"" — สัปดาห์ก่อน (2026-05-04 ถึง 2026-05-10) — โดยรายงานปริมาณการใช้น้ำรวม 4 ประเภททั้งหมด - รวมประสิทธิภาพชลประทาน = <ตัวเลข> ลบ.ม./วินาที — อ้างอิง farmplot_batch_id bce73258-fa11-4827-ba5d-937c3b471a12 — ยืนยันหน่วยให้ตรงกับคำถาม และสรุปสั้นกระชับ",มีชื่อโครงการ/ชื่อพื้นที่ (plot_name) ที่ถูกถามในคำตอบ|มีตัวเลขพร้อมหน่วย ลบ.ม./วินาที|ระบุว่าเป็นสัปดาห์ล่าสุดหรือสัปดาห์ก่อน และช่วงวันที่ที่อ้างอิง,specific
180,"พื้นที่ตามข้อมูล RID (ไร่) ของ""โครงการส่งน้ำและบำรุงรักษาสุโขทัย"" สัปดาห์ล่าสุดเป็นเท่าไร?","ตอบจาก dashboard วิเคราะห์ (simsat) ของ ""โครงการส่งน้ำและบำรุงรักษาสุโขทัย"" — สัปดาห์ล่าสุด (2026-05-11 ถึง 2026-05-17) — โดยรายงานพื้นที่ตามข้อมูล RID = <ตัวเลข> ไร่ — อ้างอิง farmplot_batch_id 10fabd4d-633b-4448-bc25-4dc3aa4cdee8 — ยืนยันหน่วยให้ตรงกับคำถาม และสรุปสั้นกระชับ — (ต้องมีคำว่า: แปลง)",มีชื่อโครงการ/ชื่อพื้นที่ (plot_name) ที่ถูกถามในคำตอบ|มีตัวเลขพร้อมหน่วย ไร่|ระบุว่าเป็นสัปดาห์ล่าสุดหรือสัปดาห์ก่อน และช่วงวันที่ที่อ้างอิง,specific
181,"พื้นที่ข้าว (ไร่) ของ""โครงการส่งน้ำและบำรุงรักษาสุโขทัย"" สัปดาห์ก่อน เทียบกับสัปดาห์ล่าสุดต่างกันเท่าไร?","ควรตอบจาก dashboard วิเคราะห์ (simsat) ของ ""โครงการส่งน้ำและบำรุงรักษาสุโขทัย"" โดยให้ค่าพื้นที่ข้าว สัปดาห์ก่อน (2026-05-04 ถึง 2026-05-10) = <ตัวเลข> ไร่ และสัปดาห์ล่าสุด (2026-05-11 ถึง 2026-05-17) = <ตัวเลข> ไร่ พร้อมสรุปว่าเพิ่ม/ลดเท่าไร (หน่วย ไร่) — (ต้องมีคำว่า: แปลง)",มีชื่อโครงการ/ชื่อพื้นที่ (plot_name) ที่ถูกถามในคำตอบ|มีตัวเลขพร้อมหน่วย ไร่|ระบุว่าเป็นสัปดาห์ล่าสุดหรือสัปดาห์ก่อน และช่วงวันที่ที่อ้างอิง,specific
182,"พื้นที่อ้อย (ไร่) ของ""โครงการส่งน้ำและบำรุงรักษาวังยาง - หนองขวัญ"" สัปดาห์ล่าสุดเป็นเท่าไร?","ตอบจาก dashboard วิเคราะห์ (simsat) ของ ""โครงการส่งน้ำและบำรุงรักษาวังยาง - หนองขวัญ"" — สัปดาห์ล่าสุด (2026-05-11 ถึง 2026-05-17) — โดยรายงานพื้นที่อ้อย = <ตัวเลข> ไร่ — อ้างอิง farmplot_batch_id 74513790-a4a8-4ed3-950c-5ff147827f20 — ยืนยันหน่วยให้ตรงกับคำถาม และสรุปสั้นกระชับ — (ต้องมีคำว่า: แปลง)",มีชื่อโครงการ/ชื่อพื้นที่ (plot_name) ที่ถูกถามในคำตอบ|มีตัวเลขพร้อมหน่วย ไร่|ระบุว่าเป็นสัปดาห์ล่าสุดหรือสัปดาห์ก่อน และช่วงวันที่ที่อ้างอิง,specific
183,"พื้นที่ข้าวโพด (ไร่) ของ""โครงการส่งน้ำและบำรุงรักษาแม่ยม"" สัปดาห์ล่าสุดเป็นเท่าไร (อ้างอิง id bce73258-fa11-4827-ba5d-937c3b471a12)?","ตอบจาก dashboard วิเคราะห์ (simsat) ของ ""โครงการส่งน้ำและบำรุงรักษาแม่ยม"" — สัปดาห์ล่าสุด (2026-05-11 ถึง 2026-05-17) — โดยรายงานพื้นที่ข้าวโพด = <ตัวเลข> ไร่ — อ้างอิง farmplot_batch_id bce73258-fa11-4827-ba5d-937c3b471a12 — ยืนยันหน่วยให้ตรงกับคำถาม และสรุปสั้นกระชับ — (ต้องมีคำว่า: แปลง)",มีชื่อโครงการ/ชื่อพื้นที่ (plot_name) ที่ถูกถามในคำตอบ|มีตัวเลขพร้อมหน่วย ไร่|ระบุว่าเป็นสัปดาห์ล่าสุดหรือสัปดาห์ก่อน และช่วงวันที่ที่อ้างอิง,specific
184,"พื้นที่ตามข้อมูล LDD (ไร่) ของ""โครงการชลประทานแพร่"" สัปดาห์ล่าสุดเป็นเท่าไร?","ตอบจาก dashboard วิเคราะห์ (simsat) ของ ""โครงการชลประทานแพร่"" — สัปดาห์ล่าสุด (2026-05-11 ถึง 2026-05-17) — โดยรายงานพื้นที่ตามข้อมูล LDD = <ตัวเลข> ไร่ — อ้างอิง farmplot_batch_id ee44f6fc-c1aa-44a0-8f61-fd2e82befad6 — ยืนยันหน่วยให้ตรงกับคำถาม และสรุปสั้นกระชับ — (ต้องมีคำว่า: แปลง)",มีชื่อโครงการ/ชื่อพื้นที่ (plot_name) ที่ถูกถามในคำตอบ|มีตัวเลขพร้อมหน่วย ไร่|ระบุว่าเป็นสัปดาห์ล่าสุดหรือสัปดาห์ก่อน และช่วงวันที่ที่อ้างอิง,specific
185,Top 3 โครงการ/พื้นที่ที่ปริมาณการใช้น้ำรวม 4 ประเภททั้งหมด - 7 วันข้างหน้าสูงสุด สัปดาห์ก่อน คืออะไร และมีค่าเท่าไร (ลบ.ม./วินาที)?,"ควรสรุปจาก dashboard วิเคราะห์ (simsat) สัปดาห์ก่อน (2026-05-04 ถึง 2026-05-10) โดยสรุปอย่างน้อย Top 3 โครงการ/พื้นที่ที่เกี่ยวข้องกับ ""ปริมาณการใช้น้ำรวม 4 ประเภททั้งหมด - 7 วันข้างหน้า"" พร้อมค่า <ตัวเลข> ลบ.ม./วินาที ชื่อโครงการ/พื้นที่ และไม่ถามย้อนกลับให้ผู้ใช้ระบุ id เพิ่ม — (ต้องมีคำว่า: พยากรณ์)",สรุปผลแบบเปรียบเทียบ/จัดอันดับ (เช่น Top 3) ไม่ใช่ถามย้อนกลับ|มีตัวเลขพร้อมหน่วย ลบ.ม./วินาที|มีชื่อโครงการ/พื้นที่อย่างน้อย 3 รายการ และระบุว่าเป็นสัปดาห์ล่าสุดหรือสัปดาห์ก่อน,aggregate
186,"พื้นที่ตามข้อมูล LDD (ไร่) ของ""โครงการส่งน้ำและบำรุงรักษาท่อทองแดง"" สัปดาห์ก่อนเป็นเท่าไร (อ้างอิง id b6e7bd3b-f170-4408-bbec-e8ee54e3d382)?","ตอบจาก dashboard วิเคราะห์ (simsat) ของ ""โครงการส่งน้ำและบำรุงรักษาท่อทองแดง"" — สัปดาห์ก่อน (2026-05-04 ถึง 2026-05-10) — โดยรายงานพื้นที่ตามข้อมูล LDD = <ตัวเลข> ไร่ — อ้างอิง farmplot_batch_id b6e7bd3b-f170-4408-bbec-e8ee54e3d382 — ยืนยันหน่วยให้ตรงกับคำถาม และสรุปสั้นกระชับ — (ต้องมีคำว่า: แปลง)",มีชื่อโครงการ/ชื่อพื้นที่ (plot_name) ที่ถูกถามในคำตอบ|มีตัวเลขพร้อมหน่วย ไร่|ระบุว่าเป็นสัปดาห์ล่าสุดหรือสัปดาห์ก่อน และช่วงวันที่ที่อ้างอิง,specific
187,"ปริมาณการใช้น้ำรวม 4 ประเภททั้งหมด - 14 วันข้างหน้า (ลบ.ม./วินาที) ของ""โครงการส่งน้ำและบำรุงรักษาแม่ยม"" สัปดาห์ก่อน เทียบกับสัปดาห์ล่าสุดต่างกันเท่าไร?","ควรตอบจาก dashboard วิเคราะห์ (simsat) ของ ""โครงการส่งน้ำและบำรุงรักษาแม่ยม"" โดยให้ค่าปริมาณการใช้น้ำรวม 4 ประเภททั้งหมด - 14 วันข้างหน้า สัปดาห์ก่อน (2026-05-04 ถึง 2026-05-10) = <ตัวเลข> ลบ.ม./วินาที และสัปดาห์ล่าสุด (2026-05-11 ถึง 2026-05-17) = <ตัวเลข> ลบ.ม./วินาที พร้อมสรุปว่าเพิ่ม/ลดเท่าไร (หน่วย ลบ.ม./วินาที) — (ต้องมีคำว่า: พยากรณ์)",มีชื่อโครงการ/ชื่อพื้นที่ (plot_name) ที่ถูกถามในคำตอบ|มีตัวเลขพร้อมหน่วย ลบ.ม./วินาที|ระบุว่าเป็นสัปดาห์ล่าสุดหรือสัปดาห์ก่อน และช่วงวันที่ที่อ้างอิง,specific
188,"พื้นที่มันสำปะหลัง (ไร่) ของ""โครงการส่งน้ำและบำรุงรักษาวังบัว"" สัปดาห์ล่าสุดเป็นเท่าไร?","ตอบจาก dashboard วิเคราะห์ (simsat) ของ ""โครงการส่งน้ำและบำรุงรักษาวังบัว"" — สัปดาห์ล่าสุด (2026-05-11 ถึง 2026-05-17) — โดยรายงานพื้นที่มันสำปะหลัง = <ตัวเลข> ไร่ — อ้างอิง farmplot_batch_id a1b187ac-b5f4-4ced-8591-b4b3cc09d63a — ยืนยันหน่วยให้ตรงกับคำถาม และสรุปสั้นกระชับ — (ต้องมีคำว่า: แปลง)",มีชื่อโครงการ/ชื่อพื้นที่ (plot_name) ที่ถูกถามในคำตอบ|มีตัวเลขพร้อมหน่วย ไร่|ระบุว่าเป็นสัปดาห์ล่าสุดหรือสัปดาห์ก่อน และช่วงวันที่ที่อ้างอิง,specific
189,Top 3 โครงการ/พื้นที่ที่ปริมาณการใช้น้ำรวม 4 ประเภททั้งหมด - รวมประสิทธิภาพชลประทานสูงสุด สัปดาห์ล่าสุด คืออะไร และมีค่าเท่าไร (ลบ.ม./วินาที)?,"ควรสรุปจาก dashboard วิเคราะห์ (simsat) สัปดาห์ล่าสุด (2026-05-11 ถึง 2026-05-17) โดยสรุปอย่างน้อย Top 3 โครงการ/พื้นที่ที่เกี่ยวข้องกับ ""ปริมาณการใช้น้ำรวม 4 ประเภททั้งหมด - รวมประสิทธิภาพชลประทาน"" พร้อมค่า <ตัวเลข> ลบ.ม./วินาที ชื่อโครงการ/พื้นที่ และไม่ถามย้อนกลับให้ผู้ใช้ระบุ id เพิ่ม",สรุปผลแบบเปรียบเทียบ/จัดอันดับ (เช่น Top 3) ไม่ใช่ถามย้อนกลับ|มีตัวเลขพร้อมหน่วย ลบ.ม./วินาที|มีชื่อโครงการ/พื้นที่อย่างน้อย 3 รายการ และระบุว่าเป็นสัปดาห์ล่าสุดหรือสัปดาห์ก่อน,aggregate
190,"พื้นที่ข้าว (ไร่) ของ""โครงการชลประทานแพร่"" สัปดาห์ล่าสุดเป็นเท่าไร?","ตอบจาก dashboard วิเคราะห์ (simsat) ของ ""โครงการชลประทานแพร่"" — สัปดาห์ล่าสุด (2026-05-11 ถึง 2026-05-17) — โดยรายงานพื้นที่ข้าว = <ตัวเลข> ไร่ — อ้างอิง farmplot_batch_id ee44f6fc-c1aa-44a0-8f61-fd2e82befad6 — ยืนยันหน่วยให้ตรงกับคำถาม และสรุปสั้นกระชับ — (ต้องมีคำว่า: แปลง)",มีชื่อโครงการ/ชื่อพื้นที่ (plot_name) ที่ถูกถามในคำตอบ|มีตัวเลขพร้อมหน่วย ไร่|ระบุว่าเป็นสัปดาห์ล่าสุดหรือสัปดาห์ก่อน และช่วงวันที่ที่อ้างอิง,specific
191,"พื้นที่ตามข้อมูล LDD (ไร่) ของ""โครงการชลประทานตาก"" สัปดาห์ล่าสุดเป็นเท่าไร?","ตอบจาก dashboard วิเคราะห์ (simsat) ของ ""โครงการชลประทานตาก"" — สัปดาห์ล่าสุด (2026-05-11 ถึง 2026-05-17) — โดยรายงานพื้นที่ตามข้อมูล LDD = <ตัวเลข> ไร่ — อ้างอิง farmplot_batch_id a0292383-4653-4d0c-b8f0-cf1ddd5f3bb1 — ยืนยันหน่วยให้ตรงกับคำถาม และสรุปสั้นกระชับ — (ต้องมีคำว่า: แปลง)",มีชื่อโครงการ/ชื่อพื้นที่ (plot_name) ที่ถูกถามในคำตอบ|มีตัวเลขพร้อมหน่วย ไร่|ระบุว่าเป็นสัปดาห์ล่าสุดหรือสัปดาห์ก่อน และช่วงวันที่ที่อ้างอิง,specific
192,"ปริมาณการใช้น้ำรวม 4 ประเภททั้งหมด - 14 วันข้างหน้า (ลบ.ม./วินาที) ของ""โครงการส่งน้ำและบำรุงรักษาวังบัว"" สัปดาห์ก่อน เทียบกับสัปดาห์ล่าสุดต่างกันเท่าไร?","ควรตอบจาก dashboard วิเคราะห์ (simsat) ของ ""โครงการส่งน้ำและบำรุงรักษาวังบัว"" โดยให้ค่าปริมาณการใช้น้ำรวม 4 ประเภททั้งหมด - 14 วันข้างหน้า สัปดาห์ก่อน (2026-05-04 ถึง 2026-05-10) = <ตัวเลข> ลบ.ม./วินาที และสัปดาห์ล่าสุด (2026-05-11 ถึง 2026-05-17) = <ตัวเลข> ลบ.ม./วินาที พร้อมสรุปว่าเพิ่ม/ลดเท่าไร (หน่วย ลบ.ม./วินาที) — (ต้องมีคำว่า: พยากรณ์)",มีชื่อโครงการ/ชื่อพื้นที่ (plot_name) ที่ถูกถามในคำตอบ|มีตัวเลขพร้อมหน่วย ลบ.ม./วินาที|ระบุว่าเป็นสัปดาห์ล่าสุดหรือสัปดาห์ก่อน และช่วงวันที่ที่อ้างอิง,specific
193,"พื้นที่อ้อย (ไร่) ของ""โครงการส่งน้ำและบำรุงรักษาสุโขทัย"" สัปดาห์ก่อน เทียบกับสัปดาห์ล่าสุดต่างกันเท่าไร?","ควรตอบจาก dashboard วิเคราะห์ (simsat) ของ ""โครงการส่งน้ำและบำรุงรักษาสุโขทัย"" โดยให้ค่าพื้นที่อ้อย สัปดาห์ก่อน (2026-05-04 ถึง 2026-05-10) = <ตัวเลข> ไร่ และสัปดาห์ล่าสุด (2026-05-11 ถึง 2026-05-17) = <ตัวเลข> ไร่ พร้อมสรุปว่าเพิ่ม/ลดเท่าไร (หน่วย ไร่) — (ต้องมีคำว่า: แปลง)",มีชื่อโครงการ/ชื่อพื้นที่ (plot_name) ที่ถูกถามในคำตอบ|มีตัวเลขพร้อมหน่วย ไร่|ระบุว่าเป็นสัปดาห์ล่าสุดหรือสัปดาห์ก่อน และช่วงวันที่ที่อ้างอิง,specific
194,"พื้นที่มันสำปะหลัง (ไร่) ของ""โครงการชลประทานสุโขทัย"" สัปดาห์ก่อนเป็นเท่าไร (อ้างอิง id e98d2019-210d-497e-9884-d530f1e717b8)?","ตอบจาก dashboard วิเคราะห์ (simsat) ของ ""โครงการชลประทานสุโขทัย"" — สัปดาห์ก่อน (2026-05-04 ถึง 2026-05-10) — โดยรายงานพื้นที่มันสำปะหลัง = <ตัวเลข> ไร่ — อ้างอิง farmplot_batch_id e98d2019-210d-497e-9884-d530f1e717b8 — ยืนยันหน่วยให้ตรงกับคำถาม และสรุปสั้นกระชับ — (ต้องมีคำว่า: แปลง)",มีชื่อโครงการ/ชื่อพื้นที่ (plot_name) ที่ถูกถามในคำตอบ|มีตัวเลขพร้อมหน่วย ไร่|ระบุว่าเป็นสัปดาห์ล่าสุดหรือสัปดาห์ก่อน และช่วงวันที่ที่อ้างอิง,specific
195,"พื้นที่อ้อย (ไร่) ของ""โครงการส่งน้ำและบำรุงรักษาท่อทองแดง"" สัปดาห์ล่าสุดเป็นเท่าไร?","ตอบจาก dashboard วิเคราะห์ (simsat) ของ ""โครงการส่งน้ำและบำรุงรักษาท่อทองแดง"" — สัปดาห์ล่าสุด (2026-05-11 ถึง 2026-05-17) — โดยรายงานพื้นที่อ้อย = <ตัวเลข> ไร่ — อ้างอิง farmplot_batch_id b6e7bd3b-f170-4408-bbec-e8ee54e3d382 — ยืนยันหน่วยให้ตรงกับคำถาม และสรุปสั้นกระชับ — (ต้องมีคำว่า: แปลง)",มีชื่อโครงการ/ชื่อพื้นที่ (plot_name) ที่ถูกถามในคำตอบ|มีตัวเลขพร้อมหน่วย ไร่|ระบุว่าเป็นสัปดาห์ล่าสุดหรือสัปดาห์ก่อน และช่วงวันที่ที่อ้างอิง,specific
196,"ปริมาณการใช้น้ำรวม 4 ประเภททั้งหมด - 7 วันข้างหน้า (ลบ.ม./วินาที) ของ""โครงการส่งน้ำและบำรุงรักษาวังบัว"" สัปดาห์ล่าสุดเป็นเท่าไร?","ตอบจาก dashboard วิเคราะห์ (simsat) ของ ""โครงการส่งน้ำและบำรุงรักษาวังบัว"" — สัปดาห์ล่าสุด (2026-05-11 ถึง 2026-05-17) — โดยรายงานปริมาณการใช้น้ำรวม 4 ประเภททั้งหมด - 7 วันข้างหน้า = <ตัวเลข> ลบ.ม./วินาที — อ้างอิง farmplot_batch_id a1b187ac-b5f4-4ced-8591-b4b3cc09d63a — ยืนยันหน่วยให้ตรงกับคำถาม และสรุปสั้นกระชับ — (ต้องมีคำว่า: พยากรณ์)",มีชื่อโครงการ/ชื่อพื้นที่ (plot_name) ที่ถูกถามในคำตอบ|มีตัวเลขพร้อมหน่วย ลบ.ม./วินาที|ระบุว่าเป็นสัปดาห์ล่าสุดหรือสัปดาห์ก่อน และช่วงวันที่ที่อ้างอิง,specific
197,"ปริมาณการใช้น้ำรวม 4 ประเภททั้งหมด - รวมประสิทธิภาพชลประทาน (ลบ.ม./วินาที) ของ""rid4"" สัปดาห์ล่าสุดเป็นเท่าไร?","ตอบจาก dashboard วิเคราะห์ (simsat) ของ ""rid4"" — สัปดาห์ล่าสุด (2026-05-11 ถึง 2026-05-17) — โดยรายงานปริมาณการใช้น้ำรวม 4 ประเภททั้งหมด - รวมประสิทธิภาพชลประทาน = <ตัวเลข> ลบ.ม./วินาที — อ้างอิง farmplot_batch_id 5c388852-6015-4cf6-8714-3c435b8ae317 — ยืนยันหน่วยให้ตรงกับคำถาม และสรุปสั้นกระชับ",มีชื่อโครงการ/ชื่อพื้นที่ (plot_name) ที่ถูกถามในคำตอบ|มีตัวเลขพร้อมหน่วย ลบ.ม./วินาที|ระบุว่าเป็นสัปดาห์ล่าสุดหรือสัปดาห์ก่อน และช่วงวันที่ที่อ้างอิง,specific
198,"พื้นที่ตามข้อมูล RID (ไร่) ของ""โครงการส่งน้ำและบำรุงรักษาแม่ยม"" สัปดาห์ก่อนเป็นเท่าไร?","ตอบจาก dashboard วิเคราะห์ (simsat) ของ ""โครงการส่งน้ำและบำรุงรักษาแม่ยม"" — สัปดาห์ก่อน (2026-05-04 ถึง 2026-05-10) — โดยรายงานพื้นที่ตามข้อมูล RID = <ตัวเลข> ไร่ — อ้างอิง farmplot_batch_id bce73258-fa11-4827-ba5d-937c3b471a12 — ยืนยันหน่วยให้ตรงกับคำถาม และสรุปสั้นกระชับ — (ต้องมีคำว่า: แปลง)",มีชื่อโครงการ/ชื่อพื้นที่ (plot_name) ที่ถูกถามในคำตอบ|มีตัวเลขพร้อมหน่วย ไร่|ระบุว่าเป็นสัปดาห์ล่าสุดหรือสัปดาห์ก่อน และช่วงวันที่ที่อ้างอิง,specific
199,"พื้นที่อ้อย (ไร่) ของ""โครงการส่งน้ำและบำรุงรักษาท่อทองแดง"" สัปดาห์ล่าสุดเป็นเท่าไร?","ตอบจาก dashboard วิเคราะห์ (simsat) ของ ""โครงการส่งน้ำและบำรุงรักษาท่อทองแดง"" — สัปดาห์ล่าสุด (2026-05-11 ถึง 2026-05-17) — โดยรายงานพื้นที่อ้อย = <ตัวเลข> ไร่ — อ้างอิง farmplot_batch_id b6e7bd3b-f170-4408-bbec-e8ee54e3d382 — ยืนยันหน่วยให้ตรงกับคำถาม และสรุปสั้นกระชับ — (ต้องมีคำว่า: แปลง)",มีชื่อโครงการ/ชื่อพื้นที่ (plot_name) ที่ถูกถามในคำตอบ|มีตัวเลขพร้อมหน่วย ไร่|ระบุว่าเป็นสัปดาห์ล่าสุดหรือสัปดาห์ก่อน และช่วงวันที่ที่อ้างอิง,specific
200,Top 3 โครงการ/พื้นที่ที่พื้นที่อ้อยสูงสุด สัปดาห์ล่าสุด คืออะไร และมีค่าเท่าไร (ไร่)?,"ควรสรุปจาก dashboard วิเคราะห์ (simsat) สัปดาห์ล่าสุด (2026-05-11 ถึง 2026-05-17) โดยสรุปอย่างน้อย Top 3 โครงการ/พื้นที่ที่เกี่ยวข้องกับ ""พื้นที่อ้อย"" พร้อมค่า <ตัวเลข> ไร่ ชื่อโครงการ/พื้นที่ และไม่ถามย้อนกลับให้ผู้ใช้ระบุ id เพิ่ม — (ต้องมีคำว่า: แปลง)",สรุปผลแบบเปรียบเทียบ/จัดอันดับ (เช่น Top 3) ไม่ใช่ถามย้อนกลับ|มีตัวเลขพร้อมหน่วย ไร่|มีชื่อโครงการ/พื้นที่อย่างน้อย 3 รายการ และระบุว่าเป็นสัปดาห์ล่าสุดหรือสัปดาห์ก่อน,aggregate
